id,name,read,pattern,sequence,feature_type,target_gene_id,target_gene_name
sgAEBP2_1,sgAEBP2_1,R2,(BC)GTTTAAGAGCTAAGCTGGAA,GGGCGAGGCAGAGACGATGT,CRISPR Guide Capture,AEBP2,AEBP2
sgAEBP2_2,sgAEBP2_2,R2,(BC)GTTTAAGAGCTAAGCTGGAA,GGTAGCGCCGAGAGCCTGGT,CRISPR Guide Capture,AEBP2,AEBP2
sgAMBRA1_1,sgAMBRA1_1,R2,(BC)GTTTAAGAGCTAAGCTGGAA,GCTTGATGTCTCCTGAGCGG,CRISPR Guide Capture,AMBRA1,AMBRA1
sgAMBRA1_2,sgAMBRA1_2,R2,(BC)GTTTAAGAGCTAAGCTGGAA,GGACAACTCAGCCCTCGACC,CRISPR Guide Capture,AMBRA1,AMBRA1
sgAMER1_1,sgAMER1_1,R2,(BC)GTTTAAGAGCTAAGCTGGAA,GACTAGGCGGGTCGGAGTCC,CRISPR Guide Capture,AMER1,AMER1
sgAMER1_2,sgAMER1_2,R2,(BC)GTTTAAGAGCTAAGCTGGAA,GGTGCCCTCCTCCAGTCCGT,CRISPR Guide Capture,AMER1,AMER1
sgAPC_1,sgAPC_1,R2,(BC)GTTTAAGAGCTAAGCTGGAA,GGCAGGTCCCCCCCGAGCAG,CRISPR Guide Capture,APC,APC
sgAPC_2,sgAPC_2,R2,(BC)GTTTAAGAGCTAAGCTGGAA,GACCGTAGGGTCCCGAGCAG,CRISPR Guide Capture,APC,APC
sgARHGAP31_1,sgARHGAP31_1,R2,(BC)GTTTAAGAGCTAAGCTGGAA,GCCGGGAGCCCATCTTACAG,CRISPR Guide Capture,ARHGAP31,ARHGAP31
sgARHGAP31_2,sgARHGAP31_2,R2,(BC)GTTTAAGAGCTAAGCTGGAA,GGGCTCCCGGGCTAGATCAC,CRISPR Guide Capture,ARHGAP31,ARHGAP31
sgARID1A_1,sgARID1A_1,R2,(BC)GTTTAAGAGCTAAGCTGGAA,GTTCTGCTGCCGGAGAAAGG,CRISPR Guide Capture,ARID1A,ARID1A
sgARID1A_2,sgARID1A_2,R2,(BC)GTTTAAGAGCTAAGCTGGAA,GAAAGCGGAGAGTCACAGCG,CRISPR Guide Capture,ARID1A,ARID1A
sgARL6IP5_1,sgARL6IP5_1,R2,(BC)GTTTAAGAGCTAAGCTGGAA,GCGCCGCCGCCAGATTCTGG,CRISPR Guide Capture,ARL6IP5,ARL6IP5
sgARL6IP5_2,sgARL6IP5_2,R2,(BC)GTTTAAGAGCTAAGCTGGAA,GGACTTGAGGGGGGCCCTAG,CRISPR Guide Capture,ARL6IP5,ARL6IP5
sgBCORL1_1,sgBCORL1_1,R2,(BC)GTTTAAGAGCTAAGCTGGAA,GTCGGACTCTAGGAACTGAG,CRISPR Guide Capture,BCORL1,BCORL1
sgBCORL1_2,sgBCORL1_2,R2,(BC)GTTTAAGAGCTAAGCTGGAA,GAAGGAGGTCGGTGGCGATA,CRISPR Guide Capture,BCORL1,BCORL1
sgBMI1_1,sgBMI1_1,R2,(BC)GTTTAAGAGCTAAGCTGGAA,GGCAGAGTGGAAACTGACAC,CRISPR Guide Capture,BMI1,BMI1
sgBMI1_2,sgBMI1_2,R2,(BC)GTTTAAGAGCTAAGCTGGAA,GCGGCATGAGACGAGCGTGG,CRISPR Guide Capture,BMI1,BMI1
sgBRPF1_1,sgBRPF1_1,R2,(BC)GTTTAAGAGCTAAGCTGGAA,GGCGGCGGCGGAGACCGTGG,CRISPR Guide Capture,BRPF1,BRPF1
sgBRPF1_2,sgBRPF1_2,R2,(BC)GTTTAAGAGCTAAGCTGGAA,GGGCAGCGCGAGGACAGCGG,CRISPR Guide Capture,BRPF1,BRPF1
sgC19orf45_1,sgC19orf45_1,R2,(BC)GTTTAAGAGCTAAGCTGGAA,GTAACTCTACACCAATGTGG,CRISPR Guide Capture,C19orf45,C19orf45
sgC19orf45_2,sgC19orf45_2,R2,(BC)GTTTAAGAGCTAAGCTGGAA,GATGCTACAGCGGGTAAGGG,CRISPR Guide Capture,C19orf45,C19orf45
sgC1orf74_1,sgC1orf74_1,R2,(BC)GTTTAAGAGCTAAGCTGGAA,GTTCTCTGGCGGGAAGAGTA,CRISPR Guide Capture,C1orf74,C1orf74
sgC1orf74_2,sgC1orf74_2,R2,(BC)GTTTAAGAGCTAAGCTGGAA,GCGCTCTGCTCCAGTCCCGC,CRISPR Guide Capture,C1orf74,C1orf74
sgCBX4_1,sgCBX4_1,R2,(BC)GTTTAAGAGCTAAGCTGGAA,GAGTATCTGGTGAAATGGAG,CRISPR Guide Capture,CBX4,CBX4
sgCBX4_2,sgCBX4_2,R2,(BC)GTTTAAGAGCTAAGCTGGAA,GGTGCTGTCTCTTCCCCCCA,CRISPR Guide Capture,CBX4,CBX4
sgCBX8_1,sgCBX8_1,R2,(BC)GTTTAAGAGCTAAGCTGGAA,GTGCTCCTGGAAGCGGCCAA,CRISPR Guide Capture,CBX8,CBX8
sgCBX8_2,sgCBX8_2,R2,(BC)GTTTAAGAGCTAAGCTGGAA,GCGTCAGCGGGAGAGTATTA,CRISPR Guide Capture,CBX8,CBX8
sgCCAR1_1,sgCCAR1_1,R2,(BC)GTTTAAGAGCTAAGCTGGAA,GGTTAGCCGGGACCCGACTC,CRISPR Guide Capture,CCAR1,CCAR1
sgCCAR1_2,sgCCAR1_2,R2,(BC)GTTTAAGAGCTAAGCTGGAA,GGCTCTTGTGGGACTGGGAC,CRISPR Guide Capture,CCAR1,CCAR1
sgCDC73_1,sgCDC73_1,R2,(BC)GTTTAAGAGCTAAGCTGGAA,GTCGCCTACGACAGCAGCAG,CRISPR Guide Capture,CDC73,CDC73
sgCDC73_2,sgCDC73_2,R2,(BC)GTTTAAGAGCTAAGCTGGAA,GGCGAGGCGACAAGAGAAGA,CRISPR Guide Capture,CDC73,CDC73
sgCEP95_1,sgCEP95_1,R2,(BC)GTTTAAGAGCTAAGCTGGAA,GCTCAGGGCCCATAGTGCAA,CRISPR Guide Capture,CEP95,CEP95
sgCEP95_2,sgCEP95_2,R2,(BC)GTTTAAGAGCTAAGCTGGAA,GGACGCGGCCGGGAAGGCGA,CRISPR Guide Capture,CEP95,CEP95
sgCOA6_1,sgCOA6_1,R2,(BC)GTTTAAGAGCTAAGCTGGAA,GCACGCAGGCCACCAACCGG,CRISPR Guide Capture,COA6,COA6
sgCOA6_2,sgCOA6_2,R2,(BC)GTTTAAGAGCTAAGCTGGAA,GCACTGCAGGGTCGCCCCGC,CRISPR Guide Capture,COA6,COA6
sgCTR9_1,sgCTR9_1,R2,(BC)GTTTAAGAGCTAAGCTGGAA,GCAGAGGTGAGTGACGGCTC,CRISPR Guide Capture,CTR9,CTR9
sgCTR9_2,sgCTR9_2,R2,(BC)GTTTAAGAGCTAAGCTGGAA,GCCGCTTCAGGCTAATCCAG,CRISPR Guide Capture,CTR9,CTR9
sgDDIT4_1,sgDDIT4_1,R2,(BC)GTTTAAGAGCTAAGCTGGAA,GCTAGGGCGCAGCAGGCCAA,CRISPR Guide Capture,DDIT4,DDIT4
sgDDIT4_2,sgDDIT4_2,R2,(BC)GTTTAAGAGCTAAGCTGGAA,GGACCTGGGACGGGTCTGGG,CRISPR Guide Capture,DDIT4,DDIT4
sgDDX3X_1,sgDDX3X_1,R2,(BC)GTTTAAGAGCTAAGCTGGAA,GACCGCGAAGGCCCTCTCAC,CRISPR Guide Capture,DDX3X,DDX3X
sgDDX3X_2,sgDDX3X_2,R2,(BC)GTTTAAGAGCTAAGCTGGAA,GCCCGGGACGAGCACAATGG,CRISPR Guide Capture,DDX3X,DDX3X
sgDGCR8_1,sgDGCR8_1,R2,(BC)GTTTAAGAGCTAAGCTGGAA,GGTCCAGGCTCTCCGGTCGC,CRISPR Guide Capture,DGCR8,DGCR8
sgDGCR8_2,sgDGCR8_2,R2,(BC)GTTTAAGAGCTAAGCTGGAA,GGGCGGACAGCGACGAGAGT,CRISPR Guide Capture,DGCR8,DGCR8
sgDHX15_1,sgDHX15_1,R2,(BC)GTTTAAGAGCTAAGCTGGAA,GACCGTGTGGGCTGTAGTAG,CRISPR Guide Capture,DHX15,DHX15
sgDHX15_2,sgDHX15_2,R2,(BC)GTTTAAGAGCTAAGCTGGAA,GGGTTCCGGCCGCACCGTGT,CRISPR Guide Capture,DHX15,DHX15
sgDROSHA_1,sgDROSHA_1,R2,(BC)GTTTAAGAGCTAAGCTGGAA,GACCGCAGGTACCAAGACAG,CRISPR Guide Capture,DROSHA,DROSHA
sgDROSHA_2,sgDROSHA_2,R2,(BC)GTTTAAGAGCTAAGCTGGAA,GCTCCGGAACAGGAAACCGA,CRISPR Guide Capture,DROSHA,DROSHA
sgDUSP6_1,sgDUSP6_1,R2,(BC)GTTTAAGAGCTAAGCTGGAA,GTGGGTGCAGAGAGAACCTC,CRISPR Guide Capture,DUSP6,DUSP6
sgDUSP6_2,sgDUSP6_2,R2,(BC)GTTTAAGAGCTAAGCTGGAA,GGCGCGAGGCAGCTCCTCAA,CRISPR Guide Capture,DUSP6,DUSP6
sgELP4_1,sgELP4_1,R2,(BC)GTTTAAGAGCTAAGCTGGAA,GGGAATGAAATAGAGAGCGA,CRISPR Guide Capture,ELP4,ELP4
sgELP4_2,sgELP4_2,R2,(BC)GTTTAAGAGCTAAGCTGGAA,GACTGGAGGCTCTAAGATGG,CRISPR Guide Capture,ELP4,ELP4
sgEP300_1,sgEP300_1,R2,(BC)GTTTAAGAGCTAAGCTGGAA,GTACAGGCTAGCGGTAGCGG,CRISPR Guide Capture,EP300,EP300
sgEP300_2,sgEP300_2,R2,(BC)GTTTAAGAGCTAAGCTGGAA,GCTAGCCTGTAAGGAGGATT,CRISPR Guide Capture,EP300,EP300
sgESRP1_1,sgESRP1_1,R2,(BC)GTTTAAGAGCTAAGCTGGAA,GCTACTGCTAGTGCAAAAGG,CRISPR Guide Capture,ESRP1,ESRP1
sgESRP1_2,sgESRP1_2,R2,(BC)GTTTAAGAGCTAAGCTGGAA,GCACTAGCAGTAGCAAGGAA,CRISPR Guide Capture,ESRP1,ESRP1
sgETV5_1,sgETV5_1,R2,(BC)GTTTAAGAGCTAAGCTGGAA,GCGGTTCACCGTCTTCGGAG,CRISPR Guide Capture,ETV5,ETV5
sgETV5_2,sgETV5_2,R2,(BC)GTTTAAGAGCTAAGCTGGAA,GGAACCGCTCCGCGCACCAG,CRISPR Guide Capture,ETV5,ETV5
sgFGFR3_1,sgFGFR3_1,R2,(BC)GTTTAAGAGCTAAGCTGGAA,GCGGACAGGGACGAAAGCGG,CRISPR Guide Capture,FGFR3,FGFR3
sgFGFR3_2,sgFGFR3_2,R2,(BC)GTTTAAGAGCTAAGCTGGAA,GGCCCAGGCTCAGTGCGCGG,CRISPR Guide Capture,FGFR3,FGFR3
sgGBX2_1,sgGBX2_1,R2,(BC)GTTTAAGAGCTAAGCTGGAA,GGCCCGCGGGAGGCGACGGA,CRISPR Guide Capture,GBX2,GBX2
sgGBX2_2,sgGBX2_2,R2,(BC)GTTTAAGAGCTAAGCTGGAA,GAAGCCGGCGTACTTATCTC,CRISPR Guide Capture,GBX2,GBX2
sgGGT7_1,sgGGT7_1,R2,(BC)GTTTAAGAGCTAAGCTGGAA,GGTAGGATGCGACAACGGAG,CRISPR Guide Capture,GGT7,GGT7
sgGGT7_2,sgGGT7_2,R2,(BC)GTTTAAGAGCTAAGCTGGAA,GGACAACGGAGAGGATGCTA,CRISPR Guide Capture,GGT7,GGT7
sgGINS1_1,sgGINS1_1,R2,(BC)GTTTAAGAGCTAAGCTGGAA,GGCGCCAAAGCGCGGAGCGG,CRISPR Guide Capture,GINS1,GINS1
sgGINS1_2,sgGINS1_2,R2,(BC)GTTTAAGAGCTAAGCTGGAA,GAGACTTGGACGGGGCATGC,CRISPR Guide Capture,GINS1,GINS1
sgGREB1L_1,sgGREB1L_1,R2,(BC)GTTTAAGAGCTAAGCTGGAA,GGAGAGACGCCAGCCGCCGG,CRISPR Guide Capture,GREB1L,GREB1L
sgGREB1L_2,sgGREB1L_2,R2,(BC)GTTTAAGAGCTAAGCTGGAA,GGCGCTAGCACCTCGGAGTC,CRISPR Guide Capture,GREB1L,GREB1L
sgGRHL2_1,sgGRHL2_1,R2,(BC)GTTTAAGAGCTAAGCTGGAA,GAGAAAGTGGCGGACTTGGG,CRISPR Guide Capture,GRHL2,GRHL2
sgGRHL2_2,sgGRHL2_2,R2,(BC)GTTTAAGAGCTAAGCTGGAA,GGAGCTGAGACCATTCCTAA,CRISPR Guide Capture,GRHL2,GRHL2
sgGTPBP8_1,sgGTPBP8_1,R2,(BC)GTTTAAGAGCTAAGCTGGAA,GGTTCCTCGCCCCCTACGGG,CRISPR Guide Capture,GTPBP8,GTPBP8
sgGTPBP8_2,sgGTPBP8_2,R2,(BC)GTTTAAGAGCTAAGCTGGAA,GTCTGCCCGTCTTCTGGGAA,CRISPR Guide Capture,GTPBP8,GTPBP8
sgHDAC2_1,sgHDAC2_1,R2,(BC)GTTTAAGAGCTAAGCTGGAA,GGCTCGGTACCACCCGGCAG,CRISPR Guide Capture,HDAC2,HDAC2
sgHDAC2_2,sgHDAC2_2,R2,(BC)GTTTAAGAGCTAAGCTGGAA,GGGCCTCCACGGGGGAGGAA,CRISPR Guide Capture,HDAC2,HDAC2
sgHES1_1,sgHES1_1,R2,(BC)GTTTAAGAGCTAAGCTGGAA,GCAGGGCCTAGGGATCACAC,CRISPR Guide Capture,HES1,HES1
sgHES1_2,sgHES1_2,R2,(BC)GTTTAAGAGCTAAGCTGGAA,GCCGGGATGGCAGATTCCAT,CRISPR Guide Capture,HES1,HES1
sgHESX1_1,sgHESX1_1,R2,(BC)GTTTAAGAGCTAAGCTGGAA,GTCCCAGCCCTATACACGTG,CRISPR Guide Capture,HESX1,HESX1
sgHESX1_2,sgHESX1_2,R2,(BC)GTTTAAGAGCTAAGCTGGAA,GGCTCTGCCCCACGTGTATA,CRISPR Guide Capture,HESX1,HESX1
sgID4_1,sgID4_1,R2,(BC)GTTTAAGAGCTAAGCTGGAA,GGGGCCGGGCGAGAGCGTAG,CRISPR Guide Capture,ID4,ID4
sgID4_2,sgID4_2,R2,(BC)GTTTAAGAGCTAAGCTGGAA,GCGCGGTTGTGAGTAGTACC,CRISPR Guide Capture,ID4,ID4
sgIL17RD_1,sgIL17RD_1,R2,(BC)GTTTAAGAGCTAAGCTGGAA,GGCCCTGGCCGAGATGAAAG,CRISPR Guide Capture,IL17RD,IL17RD
sgIL17RD_2,sgIL17RD_2,R2,(BC)GTTTAAGAGCTAAGCTGGAA,GGCGGCCGGGGCGCAGAGAA,CRISPR Guide Capture,IL17RD,IL17RD
sgIMMP1L_1,sgIMMP1L_1,R2,(BC)GTTTAAGAGCTAAGCTGGAA,GAAAGGACGGTCGACTTCGG,CRISPR Guide Capture,IMMP1L,IMMP1L
sgIMMP1L_2,sgIMMP1L_2,R2,(BC)GTTTAAGAGCTAAGCTGGAA,GACGAAAGGACGGTCGACTT,CRISPR Guide Capture,IMMP1L,IMMP1L
sgIPO13_1,sgIPO13_1,R2,(BC)GTTTAAGAGCTAAGCTGGAA,GCCCAATGAAGGGGACTCCG,CRISPR Guide Capture,IPO13,IPO13
sgIPO13_2,sgIPO13_2,R2,(BC)GTTTAAGAGCTAAGCTGGAA,GCGGGCCAGGCCGAACGGAA,CRISPR Guide Capture,IPO13,IPO13
sgIWS1_1,sgIWS1_1,R2,(BC)GTTTAAGAGCTAAGCTGGAA,GCGGCGGAAAAGGCCGTACC,CRISPR Guide Capture,IWS1,IWS1
sgIWS1_2,sgIWS1_2,R2,(BC)GTTTAAGAGCTAAGCTGGAA,GGGCGGGCAGGCATGCGAGC,CRISPR Guide Capture,IWS1,IWS1
sgKAT2A_1,sgKAT2A_1,R2,(BC)GTTTAAGAGCTAAGCTGGAA,GGCAGCAGCGCGCCAGTCAG,CRISPR Guide Capture,KAT2A,KAT2A
sgKAT2A_2,sgKAT2A_2,R2,(BC)GTTTAAGAGCTAAGCTGGAA,GCCTCCCCCGCAGCGGAGAG,CRISPR Guide Capture,KAT2A,KAT2A
sgKDM1A_1,sgKDM1A_1,R2,(BC)GTTTAAGAGCTAAGCTGGAA,GACAGAGCGAGCGGCCCCTA,CRISPR Guide Capture,KDM1A,KDM1A
sgKDM1A_2,sgKDM1A_2,R2,(BC)GTTTAAGAGCTAAGCTGGAA,GGCGCAAGCGGGCGAAGGTA,CRISPR Guide Capture,KDM1A,KDM1A
sgKDM4C_1,sgKDM4C_1,R2,(BC)GTTTAAGAGCTAAGCTGGAA,GGAGCGCGGGTACCGAACCT,CRISPR Guide Capture,KDM4C,KDM4C
sgKDM4C_2,sgKDM4C_2,R2,(BC)GTTTAAGAGCTAAGCTGGAA,GAAGGAGGCGACCCCGACTC,CRISPR Guide Capture,KDM4C,KDM4C
sgLEO1_1,sgLEO1_1,R2,(BC)GTTTAAGAGCTAAGCTGGAA,GCAGCGGACGTGAGCGATAA,CRISPR Guide Capture,LEO1,LEO1
sgLEO1_2,sgLEO1_2,R2,(BC)GTTTAAGAGCTAAGCTGGAA,GCGGGAGCTGCCCCTAACCG,CRISPR Guide Capture,LEO1,LEO1
sgLH00068_1,sgLH00068_1,R2,(BC)GTTTAAGAGCTAAGCTGGAA,GAGCTCCCCGGATCCCGGGC,CRISPR Guide Capture,LH00068,LH00068
sgLH00068_2,sgLH00068_2,R2,(BC)GTTTAAGAGCTAAGCTGGAA,GCTCTCCAGCCCGGGATCCG,CRISPR Guide Capture,LH00068,LH00068
sgLH00310_1,sgLH00310_1,R2,(BC)GTTTAAGAGCTAAGCTGGAA,GGTGCGGGGAGTGGGGATCT,CRISPR Guide Capture,LH00310,LH00310
sgLH00310_2,sgLH00310_2,R2,(BC)GTTTAAGAGCTAAGCTGGAA,GTGGACGCGGTGGGAATGAG,CRISPR Guide Capture,LH00310,LH00310
sgLH00526_1,sgLH00526_1,R2,(BC)GTTTAAGAGCTAAGCTGGAA,GAGCCGAAGGCGCACCCGGG,CRISPR Guide Capture,LH00526,LH00526
sgLH00526_2,sgLH00526_2,R2,(BC)GTTTAAGAGCTAAGCTGGAA,GCGCCCGGGATGGTACGGTC,CRISPR Guide Capture,LH00526,LH00526
sgLH00862_1,sgLH00862_1,R2,(BC)GTTTAAGAGCTAAGCTGGAA,GCCCGAGAGTCAGAACCTGG,CRISPR Guide Capture,LH00862,LH00862
sgLH00862_2,sgLH00862_2,R2,(BC)GTTTAAGAGCTAAGCTGGAA,GCGGGCGGCAGCGACTACGA,CRISPR Guide Capture,LH00862,LH00862
sgLH01001_1,sgLH01001_1,R2,(BC)GTTTAAGAGCTAAGCTGGAA,GCCGAGCTCGCGGCGGTGGA,CRISPR Guide Capture,LH01001,LH01001
sgLH01001_2,sgLH01001_2,R2,(BC)GTTTAAGAGCTAAGCTGGAA,GCGGTGGAAGGCACGCAAAA,CRISPR Guide Capture,LH01001,LH01001
sgLH01057_1,sgLH01057_1,R2,(BC)GTTTAAGAGCTAAGCTGGAA,GCCTCCTTGGGCAATGTCAG,CRISPR Guide Capture,LH01057,LH01057
sgLH01057_2,sgLH01057_2,R2,(BC)GTTTAAGAGCTAAGCTGGAA,GCGAGTAAGGCGGCTTCACT,CRISPR Guide Capture,LH01057,LH01057
sgLH01085_1,sgLH01085_1,R2,(BC)GTTTAAGAGCTAAGCTGGAA,GGGTGATGAGAACTATTCTT,CRISPR Guide Capture,LH01085,LH01085
sgLH01085_2,sgLH01085_2,R2,(BC)GTTTAAGAGCTAAGCTGGAA,GTAGAGGTGATGCTTACAAT,CRISPR Guide Capture,LH01085,LH01085
sgLH01133_1,sgLH01133_1,R2,(BC)GTTTAAGAGCTAAGCTGGAA,GCTCGCATTGACCCAGTCGG,CRISPR Guide Capture,LH01133,LH01133
sgLH01133_2,sgLH01133_2,R2,(BC)GTTTAAGAGCTAAGCTGGAA,GGACCAGCGCTGGCCCGGGC,CRISPR Guide Capture,LH01133,LH01133
sgLH01209_1,sgLH01209_1,R2,(BC)GTTTAAGAGCTAAGCTGGAA,GCGATCTGCGTAGAAACGGG,CRISPR Guide Capture,LH01209,LH01209
sgLH01209_2,sgLH01209_2,R2,(BC)GTTTAAGAGCTAAGCTGGAA,GCGGTCTGAGGGATTCCGGG,CRISPR Guide Capture,LH01209,LH01209
sgLH01249_1,sgLH01249_1,R2,(BC)GTTTAAGAGCTAAGCTGGAA,GGACTGGAGGCGGTGTGGGT,CRISPR Guide Capture,LH01249,LH01249
sgLH01249_2,sgLH01249_2,R2,(BC)GTTTAAGAGCTAAGCTGGAA,GGAGAAGGGAGGGCGTGACC,CRISPR Guide Capture,LH01249,LH01249
sgLH01489_1,sgLH01489_1,R2,(BC)GTTTAAGAGCTAAGCTGGAA,GAGGGCGCTCCCGCAACCGC,CRISPR Guide Capture,LH01489,LH01489
sgLH01489_2,sgLH01489_2,R2,(BC)GTTTAAGAGCTAAGCTGGAA,GCAAACCCGCTGGAAGCCCG,CRISPR Guide Capture,LH01489,LH01489
sgLH01525_1,sgLH01525_1,R2,(BC)GTTTAAGAGCTAAGCTGGAA,GACAAGGGAGGGAGCTCCGG,CRISPR Guide Capture,LH01525,LH01525
sgLH01525_2,sgLH01525_2,R2,(BC)GTTTAAGAGCTAAGCTGGAA,GCATAAGGCAGCACAAGGGA,CRISPR Guide Capture,LH01525,LH01525
sgLH01622_1,sgLH01622_1,R2,(BC)GTTTAAGAGCTAAGCTGGAA,GACAAAATATAGGTATTCGT,CRISPR Guide Capture,LH01622,LH01622
sgLH01622_2,sgLH01622_2,R2,(BC)GTTTAAGAGCTAAGCTGGAA,GAAACAAGTTCCCAGATATA,CRISPR Guide Capture,LH01622,LH01622
sgLH01957_1,sgLH01957_1,R2,(BC)GTTTAAGAGCTAAGCTGGAA,GTCAAGTGGGAATGGCACGG,CRISPR Guide Capture,LH01957,LH01957
sgLH01957_2,sgLH01957_2,R2,(BC)GTTTAAGAGCTAAGCTGGAA,GTGGCAGTGAGAGGCTAAAA,CRISPR Guide Capture,LH01957,LH01957
sgLH01990_1,sgLH01990_1,R2,(BC)GTTTAAGAGCTAAGCTGGAA,GCACCAGGCTGAGGCCTCAC,CRISPR Guide Capture,LH01990,LH01990
sgLH01990_2,sgLH01990_2,R2,(BC)GTTTAAGAGCTAAGCTGGAA,GGCACAGCCTGTCCCAAGTC,CRISPR Guide Capture,LH01990,LH01990
sgLH02027_1,sgLH02027_1,R2,(BC)GTTTAAGAGCTAAGCTGGAA,GCGGCCCCAAGCGCGAGGAG,CRISPR Guide Capture,LH02027,LH02027
sgLH02027_2,sgLH02027_2,R2,(BC)GTTTAAGAGCTAAGCTGGAA,GGCGCCTGCGCCCCAAAGCT,CRISPR Guide Capture,LH02027,LH02027
sgLH02324_1,sgLH02324_1,R2,(BC)GTTTAAGAGCTAAGCTGGAA,GGCGGCGAAGGCGCAGGGAA,CRISPR Guide Capture,LH02324,LH02324
sgLH02324_2,sgLH02324_2,R2,(BC)GTTTAAGAGCTAAGCTGGAA,GTGACCAGCGCCAAGTTCGA,CRISPR Guide Capture,LH02324,LH02324
sgLH02347_1,sgLH02347_1,R2,(BC)GTTTAAGAGCTAAGCTGGAA,GTTCTGAGGCAGCCAAGACG,CRISPR Guide Capture,LH02347,LH02347
sgLH02347_2,sgLH02347_2,R2,(BC)GTTTAAGAGCTAAGCTGGAA,GGTGTGGTGATAGGTGATGA,CRISPR Guide Capture,LH02347,LH02347
sgLH02412_1,sgLH02412_1,R2,(BC)GTTTAAGAGCTAAGCTGGAA,GACCCTTACCCTGATGGCCG,CRISPR Guide Capture,LH02412,LH02412
sgLH02412_2,sgLH02412_2,R2,(BC)GTTTAAGAGCTAAGCTGGAA,GCTCGTCACCGCGGAAGGAG,CRISPR Guide Capture,LH02412,LH02412
sgLH02475_1,sgLH02475_1,R2,(BC)GTTTAAGAGCTAAGCTGGAA,GCCGCGGAGCCCGGATCCGG,CRISPR Guide Capture,LH02475,LH02475
sgLH02475_2,sgLH02475_2,R2,(BC)GTTTAAGAGCTAAGCTGGAA,GTAACCGCGGAGCCCGGATC,CRISPR Guide Capture,LH02475,LH02475
sgLH02756_1,sgLH02756_1,R2,(BC)GTTTAAGAGCTAAGCTGGAA,GACGTATAGCGTACAGCTAT,CRISPR Guide Capture,LH02756,LH02756
sgLH02756_2,sgLH02756_2,R2,(BC)GTTTAAGAGCTAAGCTGGAA,GCCACTTAACAGGTAAGTAG,CRISPR Guide Capture,LH02756,LH02756
sgLH02843_1,sgLH02843_1,R2,(BC)GTTTAAGAGCTAAGCTGGAA,GTATTATTCCCTTAAATACG,CRISPR Guide Capture,LH02843,LH02843
sgLH02843_2,sgLH02843_2,R2,(BC)GTTTAAGAGCTAAGCTGGAA,GTCCTTTTTATTTAACTTGT,CRISPR Guide Capture,LH02843,LH02843
sgLH03034_1,sgLH03034_1,R2,(BC)GTTTAAGAGCTAAGCTGGAA,GCGCTCAGGCCCGGATTCCG,CRISPR Guide Capture,LH03034,LH03034
sgLH03034_2,sgLH03034_2,R2,(BC)GTTTAAGAGCTAAGCTGGAA,GCTCTCGCGCCGCGGAATCC,CRISPR Guide Capture,LH03034,LH03034
sgLH03298_1,sgLH03298_1,R2,(BC)GTTTAAGAGCTAAGCTGGAA,GTAAGACTCATCTAACAGGT,CRISPR Guide Capture,LH03298,LH03298
sgLH03298_2,sgLH03298_2,R2,(BC)GTTTAAGAGCTAAGCTGGAA,GATAAGTTGAAGATCTTGTA,CRISPR Guide Capture,LH03298,LH03298
sgLH03635_1,sgLH03635_1,R2,(BC)GTTTAAGAGCTAAGCTGGAA,GAGTGCCGGGGAGTGCGGCG,CRISPR Guide Capture,LH03635,LH03635
sgLH03635_2,sgLH03635_2,R2,(BC)GTTTAAGAGCTAAGCTGGAA,GGCGCGGAGAGGGAACGCCG,CRISPR Guide Capture,LH03635,LH03635
sgLH03638_1,sgLH03638_1,R2,(BC)GTTTAAGAGCTAAGCTGGAA,GCTCAAACGGGTACCAGCAC,CRISPR Guide Capture,LH03638,LH03638
sgLH03638_2,sgLH03638_2,R2,(BC)GTTTAAGAGCTAAGCTGGAA,GGCTGCCACATCACTGCTCG,CRISPR Guide Capture,LH03638,LH03638
sgLH03957_1,sgLH03957_1,R2,(BC)GTTTAAGAGCTAAGCTGGAA,GTGAAAGTATTGATCTCGGT,CRISPR Guide Capture,LH03957,LH03957
sgLH03957_2,sgLH03957_2,R2,(BC)GTTTAAGAGCTAAGCTGGAA,GGACAACAAATTAGCAAATA,CRISPR Guide Capture,LH03957,LH03957
sgLH03970_1,sgLH03970_1,R2,(BC)GTTTAAGAGCTAAGCTGGAA,GAGGCCAACCGAGCCGACCG,CRISPR Guide Capture,LH03970,LH03970
sgLH03970_2,sgLH03970_2,R2,(BC)GTTTAAGAGCTAAGCTGGAA,GCCGCGCTGGGACCAGGGTC,CRISPR Guide Capture,LH03970,LH03970
sgLH03978_1,sgLH03978_1,R2,(BC)GTTTAAGAGCTAAGCTGGAA,GGCTCTCCTGCCTCCCGGGT,CRISPR Guide Capture,LH03978,LH03978
sgLH03978_2,sgLH03978_2,R2,(BC)GTTTAAGAGCTAAGCTGGAA,GTGGGAGGCGGTACTCGCTC,CRISPR Guide Capture,LH03978,LH03978
sgLH03994_1,sgLH03994_1,R2,(BC)GTTTAAGAGCTAAGCTGGAA,GCTCGGCGAAGAGGCCCCCG,CRISPR Guide Capture,LH03994,LH03994
sgLH03994_2,sgLH03994_2,R2,(BC)GTTTAAGAGCTAAGCTGGAA,GCTCTTCGCCGAGGGAGTCG,CRISPR Guide Capture,LH03994,LH03994
sgLH04266_1,sgLH04266_1,R2,(BC)GTTTAAGAGCTAAGCTGGAA,GAGATAGTGGGTGGAGCCAA,CRISPR Guide Capture,LH04266,LH04266
sgLH04266_2,sgLH04266_2,R2,(BC)GTTTAAGAGCTAAGCTGGAA,GGAAGCTGTGAGAGACTCTG,CRISPR Guide Capture,LH04266,LH04266
sgLH04267_1,sgLH04267_1,R2,(BC)GTTTAAGAGCTAAGCTGGAA,GGCAAAAAGGAGGAGGACGG,CRISPR Guide Capture,LH04267,LH04267
sgLH04267_2,sgLH04267_2,R2,(BC)GTTTAAGAGCTAAGCTGGAA,GGGATAGTGAGAAGGGAGGT,CRISPR Guide Capture,LH04267,LH04267
sgLH04529_1,sgLH04529_1,R2,(BC)GTTTAAGAGCTAAGCTGGAA,GCACGCGCCGTGGCGGGTAC,CRISPR Guide Capture,LH04529,LH04529
sgLH04529_2,sgLH04529_2,R2,(BC)GTTTAAGAGCTAAGCTGGAA,GGCGTGACAACGCGGCTCGC,CRISPR Guide Capture,LH04529,LH04529
sgLH04660_1,sgLH04660_1,R2,(BC)GTTTAAGAGCTAAGCTGGAA,GAGGAGAATCCCCTGCACCG,CRISPR Guide Capture,LH04660,LH04660
sgLH04660_2,sgLH04660_2,R2,(BC)GTTTAAGAGCTAAGCTGGAA,GTTGAACCTGAGGGGATGGG,CRISPR Guide Capture,LH04660,LH04660
sgLH04789_1,sgLH04789_1,R2,(BC)GTTTAAGAGCTAAGCTGGAA,GGAACACCCCAGCTCTCCGT,CRISPR Guide Capture,LH04789,LH04789
sgLH04789_2,sgLH04789_2,R2,(BC)GTTTAAGAGCTAAGCTGGAA,GTCTCTCTCCTTGCCCCCAA,CRISPR Guide Capture,LH04789,LH04789
sgLH05070_1,sgLH05070_1,R2,(BC)GTTTAAGAGCTAAGCTGGAA,GCAAGGCGTCCAGACCCCCA,CRISPR Guide Capture,LH05070,LH05070
sgLH05070_2,sgLH05070_2,R2,(BC)GTTTAAGAGCTAAGCTGGAA,GGGTCTGGACGCCTTGCTGT,CRISPR Guide Capture,LH05070,LH05070
sgLH05273_1,sgLH05273_1,R2,(BC)GTTTAAGAGCTAAGCTGGAA,GCCACGCCGTGCTCAGAAGA,CRISPR Guide Capture,LH05273,LH05273
sgLH05273_2,sgLH05273_2,R2,(BC)GTTTAAGAGCTAAGCTGGAA,GCGGTGATCACAGTGACCAG,CRISPR Guide Capture,LH05273,LH05273
sgLH05311_1,sgLH05311_1,R2,(BC)GTTTAAGAGCTAAGCTGGAA,GTGTGTGCGGCTTCTTTAAA,CRISPR Guide Capture,LH05311,LH05311
sgLH05311_2,sgLH05311_2,R2,(BC)GTTTAAGAGCTAAGCTGGAA,GCGGGCAGCTCCCTTGTGTG,CRISPR Guide Capture,LH05311,LH05311
sgLH05335_1,sgLH05335_1,R2,(BC)GTTTAAGAGCTAAGCTGGAA,GAGGGAGCATAAGGCACAGG,CRISPR Guide Capture,LH05335,LH05335
sgLH05335_2,sgLH05335_2,R2,(BC)GTTTAAGAGCTAAGCTGGAA,GGGCCTGGAGAGGTTCTTAG,CRISPR Guide Capture,LH05335,LH05335
sgLH05374_1,sgLH05374_1,R2,(BC)GTTTAAGAGCTAAGCTGGAA,GCTCTCCGCAGGGCACCGGG,CRISPR Guide Capture,LH05374,LH05374
sgLH05374_2,sgLH05374_2,R2,(BC)GTTTAAGAGCTAAGCTGGAA,GTACATGGCCAGCCCCGCAC,CRISPR Guide Capture,LH05374,LH05374
sgLH05661_1,sgLH05661_1,R2,(BC)GTTTAAGAGCTAAGCTGGAA,GAACTGCGCGGCGGACGCCG,CRISPR Guide Capture,LH05661,LH05661
sgLH05661_2,sgLH05661_2,R2,(BC)GTTTAAGAGCTAAGCTGGAA,GCAAGAACAGGCGCCGGCCT,CRISPR Guide Capture,LH05661,LH05661
sgLH05664_1,sgLH05664_1,R2,(BC)GTTTAAGAGCTAAGCTGGAA,GCAGAGACTAATGAATCTGT,CRISPR Guide Capture,LH05664,LH05664
sgLH05664_2,sgLH05664_2,R2,(BC)GTTTAAGAGCTAAGCTGGAA,GAGGAAGAAAAGTAAAAAGG,CRISPR Guide Capture,LH05664,LH05664
sgLH05817_1,sgLH05817_1,R2,(BC)GTTTAAGAGCTAAGCTGGAA,GACACCGTTCAGGTCGAGTG,CRISPR Guide Capture,LH05817,LH05817
sgLH05817_2,sgLH05817_2,R2,(BC)GTTTAAGAGCTAAGCTGGAA,GGCAGACAGATGGACAAAAA,CRISPR Guide Capture,LH05817,LH05817
sgLH06021_1,sgLH06021_1,R2,(BC)GTTTAAGAGCTAAGCTGGAA,GAGGCTGGAGATGAAGATGG,CRISPR Guide Capture,LH06021,LH06021
sgLH06021_2,sgLH06021_2,R2,(BC)GTTTAAGAGCTAAGCTGGAA,GCCAGGAGTTTGCATCTCTG,CRISPR Guide Capture,LH06021,LH06021
sgLH06255_1,sgLH06255_1,R2,(BC)GTTTAAGAGCTAAGCTGGAA,GCCTGGAGCGCTGGGAAGAC,CRISPR Guide Capture,LH06255,LH06255
sgLH06255_2,sgLH06255_2,R2,(BC)GTTTAAGAGCTAAGCTGGAA,GGCACTGGGGAGAGTCACAG,CRISPR Guide Capture,LH06255,LH06255
sgLH06477_1,sgLH06477_1,R2,(BC)GTTTAAGAGCTAAGCTGGAA,GGGGCTTGGCCGGAGAATGG,CRISPR Guide Capture,LH06477,LH06477
sgLH06477_2,sgLH06477_2,R2,(BC)GTTTAAGAGCTAAGCTGGAA,GGTCTCGCCGGCCCCGGCAG,CRISPR Guide Capture,LH06477,LH06477
sgLH06683_1,sgLH06683_1,R2,(BC)GTTTAAGAGCTAAGCTGGAA,GCCCCGCTCACCTGCTGGCG,CRISPR Guide Capture,LH06683,LH06683
sgLH06683_2,sgLH06683_2,R2,(BC)GTTTAAGAGCTAAGCTGGAA,GCGCTCACCTGCTGGCGGGG,CRISPR Guide Capture,LH06683,LH06683
sgLH06741_1,sgLH06741_1,R2,(BC)GTTTAAGAGCTAAGCTGGAA,GAGCAGGCAAAGCCGAGGCA,CRISPR Guide Capture,LH06741,LH06741
sgLH06741_2,sgLH06741_2,R2,(BC)GTTTAAGAGCTAAGCTGGAA,GCCGGGCAGGAGGAACCCCG,CRISPR Guide Capture,LH06741,LH06741
sgLH06838_1,sgLH06838_1,R2,(BC)GTTTAAGAGCTAAGCTGGAA,GACCTGCATAGGCAGTGCTT,CRISPR Guide Capture,LH06838,LH06838
sgLH06838_2,sgLH06838_2,R2,(BC)GTTTAAGAGCTAAGCTGGAA,GCCTGGCCACAAGGGATCAA,CRISPR Guide Capture,LH06838,LH06838
sgLH06996_1,sgLH06996_1,R2,(BC)GTTTAAGAGCTAAGCTGGAA,GCGCAGGGAGACGGACGACA,CRISPR Guide Capture,LH06996,LH06996
sgLH06996_2,sgLH06996_2,R2,(BC)GTTTAAGAGCTAAGCTGGAA,GGTCCGAAACCCCTCCGAGA,CRISPR Guide Capture,LH06996,LH06996
sgLH07053_1,sgLH07053_1,R2,(BC)GTTTAAGAGCTAAGCTGGAA,GCTCAGGCCAAGCTCCGGCC,CRISPR Guide Capture,LH07053,LH07053
sgLH07053_2,sgLH07053_2,R2,(BC)GTTTAAGAGCTAAGCTGGAA,GGACAGCTCAGGCCAAGCTC,CRISPR Guide Capture,LH07053,LH07053
sgLH07059_1,sgLH07059_1,R2,(BC)GTTTAAGAGCTAAGCTGGAA,GCCTCCGGGCCTCCGGCCTC,CRISPR Guide Capture,LH07059,LH07059
sgLH07059_2,sgLH07059_2,R2,(BC)GTTTAAGAGCTAAGCTGGAA,GGCCGCCGCCTTTGTGTCGC,CRISPR Guide Capture,LH07059,LH07059
sgLH07082_1,sgLH07082_1,R2,(BC)GTTTAAGAGCTAAGCTGGAA,GACAGTTGTGCCTATGGACG,CRISPR Guide Capture,LH07082,LH07082
sgLH07082_2,sgLH07082_2,R2,(BC)GTTTAAGAGCTAAGCTGGAA,GTAGGCACAACTGTTTCTGG,CRISPR Guide Capture,LH07082,LH07082
sgLH07235_1,sgLH07235_1,R2,(BC)GTTTAAGAGCTAAGCTGGAA,GCGCGCCGCCGTCCGCTCAC,CRISPR Guide Capture,LH07235,LH07235
sgLH07235_2,sgLH07235_2,R2,(BC)GTTTAAGAGCTAAGCTGGAA,GCGGCGCCTACGCCCCCGTC,CRISPR Guide Capture,LH07235,LH07235
sgLH07249_1,sgLH07249_1,R2,(BC)GTTTAAGAGCTAAGCTGGAA,GATTTAGAAGAAGGATGGGG,CRISPR Guide Capture,LH07249,LH07249
sgLH07249_2,sgLH07249_2,R2,(BC)GTTTAAGAGCTAAGCTGGAA,GCGGTGGAAGCTATGAAAAG,CRISPR Guide Capture,LH07249,LH07249
sgLH07304_1,sgLH07304_1,R2,(BC)GTTTAAGAGCTAAGCTGGAA,GAGCCCGAAACCTCGCGTGG,CRISPR Guide Capture,LH07304,LH07304
sgLH07304_2,sgLH07304_2,R2,(BC)GTTTAAGAGCTAAGCTGGAA,GAGTCCGCGGGACTCGCACC,CRISPR Guide Capture,LH07304,LH07304
sgLH07306_1,sgLH07306_1,R2,(BC)GTTTAAGAGCTAAGCTGGAA,GCGTTTTCTCCGCCAAGCAG,CRISPR Guide Capture,LH07306,LH07306
sgLH07306_2,sgLH07306_2,R2,(BC)GTTTAAGAGCTAAGCTGGAA,GTAAGCACGGGGCTTCGCGG,CRISPR Guide Capture,LH07306,LH07306
sgLH07345_1,sgLH07345_1,R2,(BC)GTTTAAGAGCTAAGCTGGAA,GCGCGACGCACAGGGACGGG,CRISPR Guide Capture,LH07345,LH07345
sgLH07345_2,sgLH07345_2,R2,(BC)GTTTAAGAGCTAAGCTGGAA,GCGCGCGCGCCACCCAGGCG,CRISPR Guide Capture,LH07345,LH07345
sgLH07435_1,sgLH07435_1,R2,(BC)GTTTAAGAGCTAAGCTGGAA,GCTCCGGAGACGGAAACACC,CRISPR Guide Capture,LH07435,LH07435
sgLH07435_2,sgLH07435_2,R2,(BC)GTTTAAGAGCTAAGCTGGAA,GTCTGGCGGGGCACCACAAG,CRISPR Guide Capture,LH07435,LH07435
sgLH07479_1,sgLH07479_1,R2,(BC)GTTTAAGAGCTAAGCTGGAA,GCACTGCTAGGGACAGCTCG,CRISPR Guide Capture,LH07479,LH07479
sgLH07479_2,sgLH07479_2,R2,(BC)GTTTAAGAGCTAAGCTGGAA,GGATCTGTCGCTGGCCAAGC,CRISPR Guide Capture,LH07479,LH07479
sgLH08334_1,sgLH08334_1,R2,(BC)GTTTAAGAGCTAAGCTGGAA,GCTCTTTGTCCAACTCTGCA,CRISPR Guide Capture,LH08334,LH08334
sgLH08334_2,sgLH08334_2,R2,(BC)GTTTAAGAGCTAAGCTGGAA,GGTCCAACTCTGCAAGGTGA,CRISPR Guide Capture,LH08334,LH08334
sgLH08375_1,sgLH08375_1,R2,(BC)GTTTAAGAGCTAAGCTGGAA,GAGTGCGGGGCCGACATCTG,CRISPR Guide Capture,LH08375,LH08375
sgLH08375_2,sgLH08375_2,R2,(BC)GTTTAAGAGCTAAGCTGGAA,GCCGACATCTGCGGAGGGTT,CRISPR Guide Capture,LH08375,LH08375
sgLH08553_1,sgLH08553_1,R2,(BC)GTTTAAGAGCTAAGCTGGAA,GACTGCCAGAACCCCAGTCA,CRISPR Guide Capture,LH08553,LH08553
sgLH08553_2,sgLH08553_2,R2,(BC)GTTTAAGAGCTAAGCTGGAA,GTTGCATGACTTGCTCTCAG,CRISPR Guide Capture,LH08553,LH08553
sgLH08564_1,sgLH08564_1,R2,(BC)GTTTAAGAGCTAAGCTGGAA,GACAAGACAGGGCAACTACG,CRISPR Guide Capture,LH08564,LH08564
sgLH08564_2,sgLH08564_2,R2,(BC)GTTTAAGAGCTAAGCTGGAA,GGCCCTAGAAGCGTGCCTGG,CRISPR Guide Capture,LH08564,LH08564
sgLH09049_1,sgLH09049_1,R2,(BC)GTTTAAGAGCTAAGCTGGAA,GCGCACGCAGTACGGTGCCG,CRISPR Guide Capture,LH09049,LH09049
sgLH09049_2,sgLH09049_2,R2,(BC)GTTTAAGAGCTAAGCTGGAA,GCTCTCGGACCGCGAAGTCG,CRISPR Guide Capture,LH09049,LH09049
sgLH09133_1,sgLH09133_1,R2,(BC)GTTTAAGAGCTAAGCTGGAA,GAGCGAAGCCTGCACCGTCT,CRISPR Guide Capture,LH09133,LH09133
sgLH09133_2,sgLH09133_2,R2,(BC)GTTTAAGAGCTAAGCTGGAA,GGGCTGGAGCAGAAGCCTGT,CRISPR Guide Capture,LH09133,LH09133
sgLH09159_1,sgLH09159_1,R2,(BC)GTTTAAGAGCTAAGCTGGAA,GCTTCCTGGCTCGCAGAGGC,CRISPR Guide Capture,LH09159,LH09159
sgLH09159_2,sgLH09159_2,R2,(BC)GTTTAAGAGCTAAGCTGGAA,GGCTCCTTCCTGGCTCGCAG,CRISPR Guide Capture,LH09159,LH09159
sgLH09173_1,sgLH09173_1,R2,(BC)GTTTAAGAGCTAAGCTGGAA,GCGGGACGCGGCACGTGTTT,CRISPR Guide Capture,LH09173,LH09173
sgLH09173_2,sgLH09173_2,R2,(BC)GTTTAAGAGCTAAGCTGGAA,GCCCCACCGGCTGAATCCAT,CRISPR Guide Capture,LH09173,LH09173
sgLH09192_1,sgLH09192_1,R2,(BC)GTTTAAGAGCTAAGCTGGAA,GAAGCACCAAAGGGGGGAAA,CRISPR Guide Capture,LH09192,LH09192
sgLH09192_2,sgLH09192_2,R2,(BC)GTTTAAGAGCTAAGCTGGAA,GTATGAAAAGCACCAAAGGG,CRISPR Guide Capture,LH09192,LH09192
sgLH09225_1,sgLH09225_1,R2,(BC)GTTTAAGAGCTAAGCTGGAA,GCCCGCAGCGGCGCAGCCTC,CRISPR Guide Capture,LH09225,LH09225
sgLH09225_2,sgLH09225_2,R2,(BC)GTTTAAGAGCTAAGCTGGAA,GCGCGCCCACTCGGCAGCTC,CRISPR Guide Capture,LH09225,LH09225
sgLH09400_1,sgLH09400_1,R2,(BC)GTTTAAGAGCTAAGCTGGAA,GAGTGTTATATGATGTATGT,CRISPR Guide Capture,LH09400,LH09400
sgLH09400_2,sgLH09400_2,R2,(BC)GTTTAAGAGCTAAGCTGGAA,GGCCCTAGAGCCCTGCTCCA,CRISPR Guide Capture,LH09400,LH09400
sgLH09697_1,sgLH09697_1,R2,(BC)GTTTAAGAGCTAAGCTGGAA,GACTTTAAATCCTAGGAATA,CRISPR Guide Capture,LH09697,LH09697
sgLH09697_2,sgLH09697_2,R2,(BC)GTTTAAGAGCTAAGCTGGAA,GTTCCTTGTTCCCTATTCCT,CRISPR Guide Capture,LH09697,LH09697
sgLH10050_1,sgLH10050_1,R2,(BC)GTTTAAGAGCTAAGCTGGAA,GAGGCTCCCACCGCCGCTAT,CRISPR Guide Capture,LH10050,LH10050
sgLH10050_2,sgLH10050_2,R2,(BC)GTTTAAGAGCTAAGCTGGAA,GCTGCATGGCCTACCCATAG,CRISPR Guide Capture,LH10050,LH10050
sgLH10072_1,sgLH10072_1,R2,(BC)GTTTAAGAGCTAAGCTGGAA,GCCAGAAGCGGGGCGCTCTC,CRISPR Guide Capture,LH10072,LH10072
sgLH10072_2,sgLH10072_2,R2,(BC)GTTTAAGAGCTAAGCTGGAA,GCTACCATCGGTGAGCCGCC,CRISPR Guide Capture,LH10072,LH10072
sgLH10263_1,sgLH10263_1,R2,(BC)GTTTAAGAGCTAAGCTGGAA,GATCCGAACAAGCTCATCGT,CRISPR Guide Capture,LH10263,LH10263
sgLH10263_2,sgLH10263_2,R2,(BC)GTTTAAGAGCTAAGCTGGAA,GGGTCTGTTTCTGTCGACTG,CRISPR Guide Capture,LH10263,LH10263
sgLH10362_1,sgLH10362_1,R2,(BC)GTTTAAGAGCTAAGCTGGAA,GCTCCCGCTCCCTCACACCG,CRISPR Guide Capture,LH10362,LH10362
sgLH10362_2,sgLH10362_2,R2,(BC)GTTTAAGAGCTAAGCTGGAA,GCTCCCTCACACCGCGGCTG,CRISPR Guide Capture,LH10362,LH10362
sgLH11064_1,sgLH11064_1,R2,(BC)GTTTAAGAGCTAAGCTGGAA,GAACAGAAAAATAAAATTTC,CRISPR Guide Capture,LH11064,LH11064
sgLH11064_2,sgLH11064_2,R2,(BC)GTTTAAGAGCTAAGCTGGAA,GGGCCTTTTTTTTTGTTAGT,CRISPR Guide Capture,LH11064,LH11064
sgLH11067_1,sgLH11067_1,R2,(BC)GTTTAAGAGCTAAGCTGGAA,GACATTTGGGCAGGATAACA,CRISPR Guide Capture,LH11067,LH11067
sgLH11067_2,sgLH11067_2,R2,(BC)GTTTAAGAGCTAAGCTGGAA,GTTCATCTGTATAGTTCCTT,CRISPR Guide Capture,LH11067,LH11067
sgLH11101_1,sgLH11101_1,R2,(BC)GTTTAAGAGCTAAGCTGGAA,GCGCGGGAGCGCTACGGGAG,CRISPR Guide Capture,LH11101,LH11101
sgLH11101_2,sgLH11101_2,R2,(BC)GTTTAAGAGCTAAGCTGGAA,GGCAGCAGACGCCCAAGCTC,CRISPR Guide Capture,LH11101,LH11101
sgLH11113_1,sgLH11113_1,R2,(BC)GTTTAAGAGCTAAGCTGGAA,GATACAATAACACATCAAAT,CRISPR Guide Capture,LH11113,LH11113
sgLH11113_2,sgLH11113_2,R2,(BC)GTTTAAGAGCTAAGCTGGAA,GTCCTGAACAGCAACCACAC,CRISPR Guide Capture,LH11113,LH11113
sgLH11123_1,sgLH11123_1,R2,(BC)GTTTAAGAGCTAAGCTGGAA,GCTCACTCACCGGCGGGGAG,CRISPR Guide Capture,LH11123,LH11123
sgLH11123_2,sgLH11123_2,R2,(BC)GTTTAAGAGCTAAGCTGGAA,GGCCTTCCCACGCGGTCTCT,CRISPR Guide Capture,LH11123,LH11123
sgLH11396_1,sgLH11396_1,R2,(BC)GTTTAAGAGCTAAGCTGGAA,GCCGCGCAGCTCGGCCACTC,CRISPR Guide Capture,LH11396,LH11396
sgLH11396_2,sgLH11396_2,R2,(BC)GTTTAAGAGCTAAGCTGGAA,GGCTGCGAGTGAGCCCGCGG,CRISPR Guide Capture,LH11396,LH11396
sgLH11610_1,sgLH11610_1,R2,(BC)GTTTAAGAGCTAAGCTGGAA,GACGCGACCACCCACTGGGT,CRISPR Guide Capture,LH11610,LH11610
sgLH11610_2,sgLH11610_2,R2,(BC)GTTTAAGAGCTAAGCTGGAA,GGGCACAGCCCCCAAACCAC,CRISPR Guide Capture,LH11610,LH11610
sgLH11697_1,sgLH11697_1,R2,(BC)GTTTAAGAGCTAAGCTGGAA,GTTCTTGTATTTTTATCCTA,CRISPR Guide Capture,LH11697,LH11697
sgLH11697_2,sgLH11697_2,R2,(BC)GTTTAAGAGCTAAGCTGGAA,GACCAAGGGCTCAGTCTACT,CRISPR Guide Capture,LH11697,LH11697
sgLH11698_1,sgLH11698_1,R2,(BC)GTTTAAGAGCTAAGCTGGAA,GGGTAATTTATATAGTACTT,CRISPR Guide Capture,LH11698,LH11698
sgLH11698_2,sgLH11698_2,R2,(BC)GTTTAAGAGCTAAGCTGGAA,GTCTAGTCTTTACGTAAGTG,CRISPR Guide Capture,LH11698,LH11698
sgLH12157_1,sgLH12157_1,R2,(BC)GTTTAAGAGCTAAGCTGGAA,GAAGAGCTGTGGCGCTACAG,CRISPR Guide Capture,LH12157,LH12157
sgLH12157_2,sgLH12157_2,R2,(BC)GTTTAAGAGCTAAGCTGGAA,GCAAAGCTTCCACAATAGAA,CRISPR Guide Capture,LH12157,LH12157
sgLH12331_1,sgLH12331_1,R2,(BC)GTTTAAGAGCTAAGCTGGAA,GTCCAGAAGGGTAAAAGGCA,CRISPR Guide Capture,LH12331,LH12331
sgLH12331_2,sgLH12331_2,R2,(BC)GTTTAAGAGCTAAGCTGGAA,GTCTCCTCCAGAAGGGTAAA,CRISPR Guide Capture,LH12331,LH12331
sgLH12710_1,sgLH12710_1,R2,(BC)GTTTAAGAGCTAAGCTGGAA,GGGCCCCAGTGGCAGCGCTC,CRISPR Guide Capture,LH12710,LH12710
sgLH12710_2,sgLH12710_2,R2,(BC)GTTTAAGAGCTAAGCTGGAA,GGTGGCAGCGCTCGGGAAGG,CRISPR Guide Capture,LH12710,LH12710
sgLH12730_1,sgLH12730_1,R2,(BC)GTTTAAGAGCTAAGCTGGAA,GCCCACGGGGCCGCAGCTCT,CRISPR Guide Capture,LH12730,LH12730
sgLH12730_2,sgLH12730_2,R2,(BC)GTTTAAGAGCTAAGCTGGAA,GCGGGGCCGCAGCTCTAGGT,CRISPR Guide Capture,LH12730,LH12730
sgLH13281_1,sgLH13281_1,R2,(BC)GTTTAAGAGCTAAGCTGGAA,GGAGCTCAGGCCGTTGGGGG,CRISPR Guide Capture,LH13281,LH13281
sgLH13281_2,sgLH13281_2,R2,(BC)GTTTAAGAGCTAAGCTGGAA,GTTCCCGTCGCCACCCCCAA,CRISPR Guide Capture,LH13281,LH13281
sgLH13351_1,sgLH13351_1,R2,(BC)GTTTAAGAGCTAAGCTGGAA,GCCTCATATGGCATGCCCCA,CRISPR Guide Capture,LH13351,LH13351
sgLH13351_2,sgLH13351_2,R2,(BC)GTTTAAGAGCTAAGCTGGAA,GTTGGCCACAGACAGTAGGG,CRISPR Guide Capture,LH13351,LH13351
sgLH13381_1,sgLH13381_1,R2,(BC)GTTTAAGAGCTAAGCTGGAA,GCCCTGCATCACAGGAGGTG,CRISPR Guide Capture,LH13381,LH13381
sgLH13381_2,sgLH13381_2,R2,(BC)GTTTAAGAGCTAAGCTGGAA,GGCCGGCCCGGGGCCTTCTC,CRISPR Guide Capture,LH13381,LH13381
sgLH13552_1,sgLH13552_1,R2,(BC)GTTTAAGAGCTAAGCTGGAA,GGCCAGACCGAACGCAGGGT,CRISPR Guide Capture,LH13552,LH13552
sgLH13552_2,sgLH13552_2,R2,(BC)GTTTAAGAGCTAAGCTGGAA,GGGGAGGCGAGCAGGCGAGG,CRISPR Guide Capture,LH13552,LH13552
sgLH13623_1,sgLH13623_1,R2,(BC)GTTTAAGAGCTAAGCTGGAA,GAAGTCATTGGTGGTATGGG,CRISPR Guide Capture,LH13623,LH13623
sgLH13623_2,sgLH13623_2,R2,(BC)GTTTAAGAGCTAAGCTGGAA,GGGAGTAAAATCCAACTCAA,CRISPR Guide Capture,LH13623,LH13623
sgLH13665_1,sgLH13665_1,R2,(BC)GTTTAAGAGCTAAGCTGGAA,GCTGCCAGGGCGGCACGGGA,CRISPR Guide Capture,LH13665,LH13665
sgLH13665_2,sgLH13665_2,R2,(BC)GTTTAAGAGCTAAGCTGGAA,GTGGCGTCCCGGAGCCTTCC,CRISPR Guide Capture,LH13665,LH13665
sgLH13771_1,sgLH13771_1,R2,(BC)GTTTAAGAGCTAAGCTGGAA,GCACAACCAAAGAGTCAGAC,CRISPR Guide Capture,LH13771,LH13771
sgLH13771_2,sgLH13771_2,R2,(BC)GTTTAAGAGCTAAGCTGGAA,GGAAACAACATCCACTGTGT,CRISPR Guide Capture,LH13771,LH13771
sgLH13772_1,sgLH13772_1,R2,(BC)GTTTAAGAGCTAAGCTGGAA,GTCTAGTCCCTGCTTAGGAT,CRISPR Guide Capture,LH13772,LH13772
sgLH13772_2,sgLH13772_2,R2,(BC)GTTTAAGAGCTAAGCTGGAA,GTTGCTTCCTATCCTAAGCA,CRISPR Guide Capture,LH13772,LH13772
sgLH13860_1,sgLH13860_1,R2,(BC)GTTTAAGAGCTAAGCTGGAA,GCCACCCCCGCCCCTCCGGA,CRISPR Guide Capture,LH13860,LH13860
sgLH13860_2,sgLH13860_2,R2,(BC)GTTTAAGAGCTAAGCTGGAA,GTAAGCCGTCCGGAGGGGCG,CRISPR Guide Capture,LH13860,LH13860
sgLH13995_1,sgLH13995_1,R2,(BC)GTTTAAGAGCTAAGCTGGAA,GAGCTTAGTTTCCAAACTAA,CRISPR Guide Capture,LH13995,LH13995
sgLH13995_2,sgLH13995_2,R2,(BC)GTTTAAGAGCTAAGCTGGAA,GCGATTTCCCGCAGGAACAA,CRISPR Guide Capture,LH13995,LH13995
sgLH14143_1,sgLH14143_1,R2,(BC)GTTTAAGAGCTAAGCTGGAA,GCTCACCCTCAACGTTGCGG,CRISPR Guide Capture,LH14143,LH14143
sgLH14143_2,sgLH14143_2,R2,(BC)GTTTAAGAGCTAAGCTGGAA,GCTCTGCTTCCCGCCAGGTG,CRISPR Guide Capture,LH14143,LH14143
sgLH14166_1,sgLH14166_1,R2,(BC)GTTTAAGAGCTAAGCTGGAA,GCGAAGAGGCTGCTACCCAG,CRISPR Guide Capture,LH14166,LH14166
sgLH14166_2,sgLH14166_2,R2,(BC)GTTTAAGAGCTAAGCTGGAA,GGCAGACACGCGCTTTCAAC,CRISPR Guide Capture,LH14166,LH14166
sgLH14300_1,sgLH14300_1,R2,(BC)GTTTAAGAGCTAAGCTGGAA,GAGCTAGTGGCTAGGCCCCA,CRISPR Guide Capture,LH14300,LH14300
sgLH14300_2,sgLH14300_2,R2,(BC)GTTTAAGAGCTAAGCTGGAA,GTCAGGGTGCGGTCAAGACA,CRISPR Guide Capture,LH14300,LH14300
sgLH14510_1,sgLH14510_1,R2,(BC)GTTTAAGAGCTAAGCTGGAA,GAGCTCCAGCACGCTGCCCG,CRISPR Guide Capture,LH14510,LH14510
sgLH14510_2,sgLH14510_2,R2,(BC)GTTTAAGAGCTAAGCTGGAA,GCGCCTGAGGTACGGCGGTG,CRISPR Guide Capture,LH14510,LH14510
sgLH14548_1,sgLH14548_1,R2,(BC)GTTTAAGAGCTAAGCTGGAA,GGACGCGCGAGGCCCAGACT,CRISPR Guide Capture,LH14548,LH14548
sgLH14548_2,sgLH14548_2,R2,(BC)GTTTAAGAGCTAAGCTGGAA,GGCGTCCCGAAGAGGGGAAG,CRISPR Guide Capture,LH14548,LH14548
sgLH14698_1,sgLH14698_1,R2,(BC)GTTTAAGAGCTAAGCTGGAA,GCAGGGAGAATCCCAAAGAG,CRISPR Guide Capture,LH14698,LH14698
sgLH14698_2,sgLH14698_2,R2,(BC)GTTTAAGAGCTAAGCTGGAA,GCGGGAAGCACTGCCTAATG,CRISPR Guide Capture,LH14698,LH14698
sgLH14945_1,sgLH14945_1,R2,(BC)GTTTAAGAGCTAAGCTGGAA,GCAAAGAAACTGTCTGCTTA,CRISPR Guide Capture,LH14945,LH14945
sgLH14945_2,sgLH14945_2,R2,(BC)GTTTAAGAGCTAAGCTGGAA,GATTTTAATTAGTACAAGAA,CRISPR Guide Capture,LH14945,LH14945
sgLH14970_1,sgLH14970_1,R2,(BC)GTTTAAGAGCTAAGCTGGAA,GCCCGGTTGCGGCGCTTCCT,CRISPR Guide Capture,LH14970,LH14970
sgLH14970_2,sgLH14970_2,R2,(BC)GTTTAAGAGCTAAGCTGGAA,GTCATGCAAGAAGGAGGCGG,CRISPR Guide Capture,LH14970,LH14970
sgLH15024_1,sgLH15024_1,R2,(BC)GTTTAAGAGCTAAGCTGGAA,GCCAGCCCGCCATCCAGCAC,CRISPR Guide Capture,LH15024,LH15024
sgLH15024_2,sgLH15024_2,R2,(BC)GTTTAAGAGCTAAGCTGGAA,GTACTTGCAGGGGAGCGGGC,CRISPR Guide Capture,LH15024,LH15024
sgLH15346_1,sgLH15346_1,R2,(BC)GTTTAAGAGCTAAGCTGGAA,GCGAGACTTGGCCCTGAGTA,CRISPR Guide Capture,LH15346,LH15346
sgLH15346_2,sgLH15346_2,R2,(BC)GTTTAAGAGCTAAGCTGGAA,GGTAGTCGGACGGAGGAAAG,CRISPR Guide Capture,LH15346,LH15346
sgLH15347_1,sgLH15347_1,R2,(BC)GTTTAAGAGCTAAGCTGGAA,GATTAGGAGAAAAACCTTCC,CRISPR Guide Capture,LH15347,LH15347
sgLH15347_2,sgLH15347_2,R2,(BC)GTTTAAGAGCTAAGCTGGAA,GGTGTCTGGGAGAAACCTCG,CRISPR Guide Capture,LH15347,LH15347
sgLH15401_1,sgLH15401_1,R2,(BC)GTTTAAGAGCTAAGCTGGAA,GAGCGTAGCAGTGGCCGCAA,CRISPR Guide Capture,LH15401,LH15401
sgLH15401_2,sgLH15401_2,R2,(BC)GTTTAAGAGCTAAGCTGGAA,GTGGCCGCAAGGGCGACGGG,CRISPR Guide Capture,LH15401,LH15401
sgLH15443_1,sgLH15443_1,R2,(BC)GTTTAAGAGCTAAGCTGGAA,GTTTGCAAGGCCGAGACGGC,CRISPR Guide Capture,LH15443,LH15443
sgLH15443_2,sgLH15443_2,R2,(BC)GTTTAAGAGCTAAGCTGGAA,GTGTTTTTGCAAGGCCGAGA,CRISPR Guide Capture,LH15443,LH15443
sgLH15554_1,sgLH15554_1,R2,(BC)GTTTAAGAGCTAAGCTGGAA,GACACTAAAAATCCATCTTC,CRISPR Guide Capture,LH15554,LH15554
sgLH15554_2,sgLH15554_2,R2,(BC)GTTTAAGAGCTAAGCTGGAA,GTCACAAAAACATAAAGTCC,CRISPR Guide Capture,LH15554,LH15554
sgLH15641_1,sgLH15641_1,R2,(BC)GTTTAAGAGCTAAGCTGGAA,GAGGCGAGAGCCAGGCGGGA,CRISPR Guide Capture,LH15641,LH15641
sgLH15641_2,sgLH15641_2,R2,(BC)GTTTAAGAGCTAAGCTGGAA,GCTCCGCTGCGCGACCCGGG,CRISPR Guide Capture,LH15641,LH15641
sgLH16361_1,sgLH16361_1,R2,(BC)GTTTAAGAGCTAAGCTGGAA,GAGGTGGAGTAGGATGACAG,CRISPR Guide Capture,LH16361,LH16361
sgLH16361_2,sgLH16361_2,R2,(BC)GTTTAAGAGCTAAGCTGGAA,GGAGAGGACTGTATTCAGGG,CRISPR Guide Capture,LH16361,LH16361
sgLH16376_1,sgLH16376_1,R2,(BC)GTTTAAGAGCTAAGCTGGAA,GCAGGCCTCCACCGCCTCAG,CRISPR Guide Capture,LH16376,LH16376
sgLH16376_2,sgLH16376_2,R2,(BC)GTTTAAGAGCTAAGCTGGAA,GCTCCCCGGGACAGCCACGG,CRISPR Guide Capture,LH16376,LH16376
sgLH16633_1,sgLH16633_1,R2,(BC)GTTTAAGAGCTAAGCTGGAA,GGCATTCTTAGTTTAAGAAT,CRISPR Guide Capture,LH16633,LH16633
sgLH16633_2,sgLH16633_2,R2,(BC)GTTTAAGAGCTAAGCTGGAA,GGGTTACATTCCCCGAGGGT,CRISPR Guide Capture,LH16633,LH16633
sgLH16669_1,sgLH16669_1,R2,(BC)GTTTAAGAGCTAAGCTGGAA,GCGGAAGGAACTCCCAACGG,CRISPR Guide Capture,LH16669,LH16669
sgLH16669_2,sgLH16669_2,R2,(BC)GTTTAAGAGCTAAGCTGGAA,GGGAGGTGCGGAGGGTAGAG,CRISPR Guide Capture,LH16669,LH16669
sgLH16684_1,sgLH16684_1,R2,(BC)GTTTAAGAGCTAAGCTGGAA,GATACTTACACACTGGAGCA,CRISPR Guide Capture,LH16684,LH16684
sgLH16684_2,sgLH16684_2,R2,(BC)GTTTAAGAGCTAAGCTGGAA,GTAAGTTATTCTTGGAGAAT,CRISPR Guide Capture,LH16684,LH16684
sgLH17063_1,sgLH17063_1,R2,(BC)GTTTAAGAGCTAAGCTGGAA,GCGGGCTTCTCGCGACCATG,CRISPR Guide Capture,LH17063,LH17063
sgLH17063_2,sgLH17063_2,R2,(BC)GTTTAAGAGCTAAGCTGGAA,GGACCGGGTACCAGGGCCGC,CRISPR Guide Capture,LH17063,LH17063
sgLRG1_1,sgLRG1_1,R2,(BC)GTTTAAGAGCTAAGCTGGAA,GGAGCAGACAGCGACCAAAA,CRISPR Guide Capture,LRG1,LRG1
sgLRG1_2,sgLRG1_2,R2,(BC)GTTTAAGAGCTAAGCTGGAA,GTGCCTAGGACAGGTAGTGT,CRISPR Guide Capture,LRG1,LRG1
sgLZTR1_1,sgLZTR1_1,R2,(BC)GTTTAAGAGCTAAGCTGGAA,GGCGCTGTAAGCCCAACTTG,CRISPR Guide Capture,LZTR1,LZTR1
sgLZTR1_2,sgLZTR1_2,R2,(BC)GTTTAAGAGCTAAGCTGGAA,GGACCCGGGATGGCTGGACC,CRISPR Guide Capture,LZTR1,LZTR1
sgMAU2_1,sgMAU2_1,R2,(BC)GTTTAAGAGCTAAGCTGGAA,GAGCGCCAGGTACCACGAGT,CRISPR Guide Capture,MAU2,MAU2
sgMAU2_2,sgMAU2_2,R2,(BC)GTTTAAGAGCTAAGCTGGAA,GTGGCGGCGGCTTGTTGTTG,CRISPR Guide Capture,MAU2,MAU2
sgMED16_1,sgMED16_1,R2,(BC)GTTTAAGAGCTAAGCTGGAA,GCGCCAGACCCGAGGCGCTA,CRISPR Guide Capture,MED16,MED16
sgMED16_2,sgMED16_2,R2,(BC)GTTTAAGAGCTAAGCTGGAA,GCTGGCGCCGCCATCTTCCT,CRISPR Guide Capture,MED16,MED16
sgMED23_1,sgMED23_1,R2,(BC)GTTTAAGAGCTAAGCTGGAA,GGGAGGAAACCGTAGCTCCT,CRISPR Guide Capture,MED23,MED23
sgMED23_2,sgMED23_2,R2,(BC)GTTTAAGAGCTAAGCTGGAA,GCTGTTGGCTGGGCTCGGGA,CRISPR Guide Capture,MED23,MED23
sgMED24_1,sgMED24_1,R2,(BC)GTTTAAGAGCTAAGCTGGAA,GCACCTAGAACTGGATTGTG,CRISPR Guide Capture,MED24,MED24
sgMED24_2,sgMED24_2,R2,(BC)GTTTAAGAGCTAAGCTGGAA,GTACCGCACAATCCAGTTCT,CRISPR Guide Capture,MED24,MED24
sgMEN1_1,sgMEN1_1,R2,(BC)GTTTAAGAGCTAAGCTGGAA,GGTGTGGGATGTAAGCGCGG,CRISPR Guide Capture,MEN1,MEN1
sgMEN1_2,sgMEN1_2,R2,(BC)GTTTAAGAGCTAAGCTGGAA,GTGCGCCGCGGTGCCTAGTG,CRISPR Guide Capture,MEN1,MEN1
sgMRPL27_1,sgMRPL27_1,R2,(BC)GTTTAAGAGCTAAGCTGGAA,GGTGATCGAAAGCATGGCGT,CRISPR Guide Capture,MRPL27,MRPL27
sgMRPL27_2,sgMRPL27_2,R2,(BC)GTTTAAGAGCTAAGCTGGAA,GGTCCCATTACCGGCTGTCC,CRISPR Guide Capture,MRPL27,MRPL27
sgNABP2_1,sgNABP2_1,R2,(BC)GTTTAAGAGCTAAGCTGGAA,GTGCCTACGAGGAGGGACGA,CRISPR Guide Capture,NABP2,NABP2
sgNABP2_2,sgNABP2_2,R2,(BC)GTTTAAGAGCTAAGCTGGAA,GGCGGAGCCGACGTAGACAG,CRISPR Guide Capture,NABP2,NABP2
sgNKAP_1,sgNKAP_1,R2,(BC)GTTTAAGAGCTAAGCTGGAA,GCGGCAGGTCCCGGGAACCA,CRISPR Guide Capture,NKAP,NKAP
sgNKAP_2,sgNKAP_2,R2,(BC)GTTTAAGAGCTAAGCTGGAA,GAAACCTTGGACACAGTTCT,CRISPR Guide Capture,NKAP,NKAP
sgNTC_1_1,sgNTC_1_1,R2,(BC)GTTTAAGAGCTAAGCTGGAA,GTGCGCGCTTATCGGTCCCA,CRISPR Guide Capture,Non-Targeting,Non-Targeting
sgNTC_2_2,sgNTC_2_2,R2,(BC)GTTTAAGAGCTAAGCTGGAA,GCGCAATTCACCCCTAGGTG,CRISPR Guide Capture,Non-Targeting,Non-Targeting
sgNTC_3_1,sgNTC_3_1,R2,(BC)GTTTAAGAGCTAAGCTGGAA,GCTGGGCCCGTTTTACCGGG,CRISPR Guide Capture,Non-Targeting,Non-Targeting
sgNTC_4_2,sgNTC_4_2,R2,(BC)GTTTAAGAGCTAAGCTGGAA,GGCCTGTGACGCCCGCGGAC,CRISPR Guide Capture,Non-Targeting,Non-Targeting
sgNTC_5_1,sgNTC_5_1,R2,(BC)GTTTAAGAGCTAAGCTGGAA,GCCGAAAAAGTAGGGGAATA,CRISPR Guide Capture,Non-Targeting,Non-Targeting
sgNTC_6_2,sgNTC_6_2,R2,(BC)GTTTAAGAGCTAAGCTGGAA,GCGTCGCCAGTCACTCACAG,CRISPR Guide Capture,Non-Targeting,Non-Targeting
sgNTC_8_1,sgNTC_8_1,R2,(BC)GTTTAAGAGCTAAGCTGGAA,GCGTGAGGGGGTCGGGCGAT,CRISPR Guide Capture,Non-Targeting,Non-Targeting
sgNTC_7_2,sgNTC_7_2,R2,(BC)GTTTAAGAGCTAAGCTGGAA,GCTCCGTGGTCGGAGCGCTA,CRISPR Guide Capture,Non-Targeting,Non-Targeting
sgNTC_9_1,sgNTC_9_1,R2,(BC)GTTTAAGAGCTAAGCTGGAA,GCGACCCAATAGGCAAGAGC,CRISPR Guide Capture,Non-Targeting,Non-Targeting
sgNTC_10_2,sgNTC_10_2,R2,(BC)GTTTAAGAGCTAAGCTGGAA,GAATGGCCCGCAAACCCTGT,CRISPR Guide Capture,Non-Targeting,Non-Targeting
sgNTC_11_1,sgNTC_11_1,R2,(BC)GTTTAAGAGCTAAGCTGGAA,GCCCCTAGGCGTGGCAATAA,CRISPR Guide Capture,Non-Targeting,Non-Targeting
sgNTC_12_2,sgNTC_12_2,R2,(BC)GTTTAAGAGCTAAGCTGGAA,GATATACGTCGCCGAAAGGG,CRISPR Guide Capture,Non-Targeting,Non-Targeting
sgNUDT21_1,sgNUDT21_1,R2,(BC)GTTTAAGAGCTAAGCTGGAA,GTTATCTGCAATCCCCTCAG,CRISPR Guide Capture,NUDT21,NUDT21
sgNUDT21_2,sgNUDT21_2,R2,(BC)GTTTAAGAGCTAAGCTGGAA,GGCTACTGCCCGCCATTAAC,CRISPR Guide Capture,NUDT21,NUDT21
sgOGT_1,sgOGT_1,R2,(BC)GTTTAAGAGCTAAGCTGGAA,GGTTACAGGCTTCAAACCCT,CRISPR Guide Capture,OGT,OGT
sgOGT_2,sgOGT_2,R2,(BC)GTTTAAGAGCTAAGCTGGAA,GCTCTGGAGGGCTTGAGCGG,CRISPR Guide Capture,OGT,OGT
sgOTX2_1,sgOTX2_1,R2,(BC)GTTTAAGAGCTAAGCTGGAA,GATCTCCCTGAGAGCGGGAC,CRISPR Guide Capture,OTX2,OTX2
sgOTX2_2,sgOTX2_2,R2,(BC)GTTTAAGAGCTAAGCTGGAA,GATCACAGTGGAGGCTGTGT,CRISPR Guide Capture,OTX2,OTX2
sgP4HB_1,sgP4HB_1,R2,(BC)GTTTAAGAGCTAAGCTGGAA,GAGAGCGCGGCGCAGCATGT,CRISPR Guide Capture,P4HB,P4HB
sgP4HB_2,sgP4HB_2,R2,(BC)GTTTAAGAGCTAAGCTGGAA,GAGCATGTCGGACACGGATC,CRISPR Guide Capture,P4HB,P4HB
sgPAF1_1,sgPAF1_1,R2,(BC)GTTTAAGAGCTAAGCTGGAA,GCGGCCTGAGGAGACCCGTT,CRISPR Guide Capture,PAF1,PAF1
sgPAF1_2,sgPAF1_2,R2,(BC)GTTTAAGAGCTAAGCTGGAA,GGAACGCGCAGGCAGCACCG,CRISPR Guide Capture,PAF1,PAF1
sgPAX6_1,sgPAX6_1,R2,(BC)GTTTAAGAGCTAAGCTGGAA,GCTGCTACGCCGGGAGAGTT,CRISPR Guide Capture,PAX6,PAX6
sgPAX6_2,sgPAX6_2,R2,(BC)GTTTAAGAGCTAAGCTGGAA,GAGTGAGAGATAAAGAGTGT,CRISPR Guide Capture,PAX6,PAX6
sgPCGF1_1,sgPCGF1_1,R2,(BC)GTTTAAGAGCTAAGCTGGAA,GGCCCCCAGGAGCTAATCCC,CRISPR Guide Capture,PCGF1,PCGF1
sgPCGF1_2,sgPCGF1_2,R2,(BC)GTTTAAGAGCTAAGCTGGAA,GGTCAGGCGAGTCCACGTGA,CRISPR Guide Capture,PCGF1,PCGF1
sgPCGF2_1,sgPCGF2_1,R2,(BC)GTTTAAGAGCTAAGCTGGAA,GCGGAACAGGGTCTGCCCGG,CRISPR Guide Capture,PCGF2,PCGF2
sgPCGF2_2,sgPCGF2_2,R2,(BC)GTTTAAGAGCTAAGCTGGAA,GGAGAAACCTACGGTAAGAA,CRISPR Guide Capture,PCGF2,PCGF2
sgPHC1_1,sgPHC1_1,R2,(BC)GTTTAAGAGCTAAGCTGGAA,GAGGCAGGGAAAGCAACTGG,CRISPR Guide Capture,PHC1,PHC1
sgPHC1_2,sgPHC1_2,R2,(BC)GTTTAAGAGCTAAGCTGGAA,GATAGCCAGAAGACTCGGAC,CRISPR Guide Capture,PHC1,PHC1
sgPHF6_1,sgPHF6_1,R2,(BC)GTTTAAGAGCTAAGCTGGAA,GAGCGGGGCTCTGTCGCCGG,CRISPR Guide Capture,PHF6,PHF6
sgPHF6_2,sgPHF6_2,R2,(BC)GTTTAAGAGCTAAGCTGGAA,GGCGACAGAGCCCCGCTCTC,CRISPR Guide Capture,PHF6,PHF6
sgPLCG1_1,sgPLCG1_1,R2,(BC)GTTTAAGAGCTAAGCTGGAA,GCCGGGAGCAAGCGCAACGG,CRISPR Guide Capture,PLCG1,PLCG1
sgPLCG1_2,sgPLCG1_2,R2,(BC)GTTTAAGAGCTAAGCTGGAA,GCGCCCGGGAGCAAGCGCAA,CRISPR Guide Capture,PLCG1,PLCG1
sgPOU5F1_1,sgPOU5F1_1,R2,(BC)GTTTAAGAGCTAAGCTGGAA,GTGGGGAGGTGGTCATGACA,CRISPR Guide Capture,POU5F1,POU5F1
sgPOU5F1_2,sgPOU5F1_2,R2,(BC)GTTTAAGAGCTAAGCTGGAA,GAGGCAAGTGAGCTTCGACG,CRISPR Guide Capture,POU5F1,POU5F1
sgPPFIA3_1,sgPPFIA3_1,R2,(BC)GTTTAAGAGCTAAGCTGGAA,GAGGAGCAGCTGCAAGCACA,CRISPR Guide Capture,PPFIA3,PPFIA3
sgPPFIA3_2,sgPPFIA3_2,R2,(BC)GTTTAAGAGCTAAGCTGGAA,GGAAGACAGAAAGGCGAGAT,CRISPR Guide Capture,PPFIA3,PPFIA3
sgPPIE_1,sgPPIE_1,R2,(BC)GTTTAAGAGCTAAGCTGGAA,GAGCAGGAGGGGTTGCTAGG,CRISPR Guide Capture,PPIE,PPIE
sgPPIE_2,sgPPIE_2,R2,(BC)GTTTAAGAGCTAAGCTGGAA,GCAGGTGCGTGAACCCGAGA,CRISPR Guide Capture,PPIE,PPIE
sgPRDM14_1,sgPRDM14_1,R2,(BC)GTTTAAGAGCTAAGCTGGAA,GCCGCACCGCCGGGAAAGGA,CRISPR Guide Capture,PRDM14,PRDM14
sgPRDM14_2,sgPRDM14_2,R2,(BC)GTTTAAGAGCTAAGCTGGAA,GCGGGCTCGGTAGGCCACTC,CRISPR Guide Capture,PRDM14,PRDM14
sgPRPF38B_1,sgPRPF38B_1,R2,(BC)GTTTAAGAGCTAAGCTGGAA,GCTCCACGCAGAAGGCGAGC,CRISPR Guide Capture,PRPF38B,PRPF38B
sgPRPF38B_2,sgPRPF38B_2,R2,(BC)GTTTAAGAGCTAAGCTGGAA,GCGGAAGAGATCGAGCTCCC,CRISPR Guide Capture,PRPF38B,PRPF38B
sgPSMA7_1,sgPSMA7_1,R2,(BC)GTTTAAGAGCTAAGCTGGAA,GGGACACGGCGCCGAGGGTG,CRISPR Guide Capture,PSMA7,PSMA7
sgPSMA7_2,sgPSMA7_2,R2,(BC)GTTTAAGAGCTAAGCTGGAA,GGCCTGACGCCGCCCGTCGC,CRISPR Guide Capture,PSMA7,PSMA7
sgRASA2_1,sgRASA2_1,R2,(BC)GTTTAAGAGCTAAGCTGGAA,GCACGGGCCGGGCGGCACCA,CRISPR Guide Capture,RASA2,RASA2
sgRASA2_2,sgRASA2_2,R2,(BC)GTTTAAGAGCTAAGCTGGAA,GGCTGCTCTCCGGAGGGAGT,CRISPR Guide Capture,RASA2,RASA2
sgRFWD2_1,sgRFWD2_1,R2,(BC)GTTTAAGAGCTAAGCTGGAA,GGCTGCTACAGGGACCGCGG,CRISPR Guide Capture,RFWD2,RFWD2
sgRFWD2_2,sgRFWD2_2,R2,(BC)GTTTAAGAGCTAAGCTGGAA,GTCCCTGTAGCAGCCAACCC,CRISPR Guide Capture,RFWD2,RFWD2
sgRNF2_1,sgRNF2_1,R2,(BC)GTTTAAGAGCTAAGCTGGAA,GGGCCTCCGCGCAGAGGAAA,CRISPR Guide Capture,RNF2,RNF2
sgRNF2_2,sgRNF2_2,R2,(BC)GTTTAAGAGCTAAGCTGGAA,GTGAGGCTCGCCATATTGTG,CRISPR Guide Capture,RNF2,RNF2
sgRPP14_1,sgRPP14_1,R2,(BC)GTTTAAGAGCTAAGCTGGAA,GTCGCCGCAAGGACCCGCCA,CRISPR Guide Capture,RPP14,RPP14
sgRPP14_2,sgRPP14_2,R2,(BC)GTTTAAGAGCTAAGCTGGAA,GCTGCGGCCGAGACCCTACG,CRISPR Guide Capture,RPP14,RPP14
sgRRM1_1,sgRRM1_1,R2,(BC)GTTTAAGAGCTAAGCTGGAA,GTAGGTTCCAGGCGCTGCTC,CRISPR Guide Capture,RRM1,RRM1
sgRRM1_2,sgRRM1_2,R2,(BC)GTTTAAGAGCTAAGCTGGAA,GACGAGGTGGGCGAGAAGGA,CRISPR Guide Capture,RRM1,RRM1
sgRRM2_1,sgRRM2_1,R2,(BC)GTTTAAGAGCTAAGCTGGAA,GCGGAGGGAGAGCATAGTGG,CRISPR Guide Capture,RRM2,RRM2
sgRRM2_2,sgRRM2_2,R2,(BC)GTTTAAGAGCTAAGCTGGAA,GAGGCCGCCGAGACCCTCAG,CRISPR Guide Capture,RRM2,RRM2
sgRTF1_1,sgRTF1_1,R2,(BC)GTTTAAGAGCTAAGCTGGAA,GGCGGCAGTGGCGGTCCCAC,CRISPR Guide Capture,RTF1,RTF1
sgRTF1_2,sgRTF1_2,R2,(BC)GTTTAAGAGCTAAGCTGGAA,GGCGGGCAAGAGGGGAGTCC,CRISPR Guide Capture,RTF1,RTF1
sgSALL4_1,sgSALL4_1,R2,(BC)GTTTAAGAGCTAAGCTGGAA,GCTTTCGGGAGCGAGAACAG,CRISPR Guide Capture,SALL4,SALL4
sgSALL4_2,sgSALL4_2,R2,(BC)GTTTAAGAGCTAAGCTGGAA,GCGACATGGTGCGAGCATCG,CRISPR Guide Capture,SALL4,SALL4
sgSDC3_1,sgSDC3_1,R2,(BC)GTTTAAGAGCTAAGCTGGAA,GTCCCCGCCACGGCTCCCCG,CRISPR Guide Capture,SDC3,SDC3
sgSDC3_2,sgSDC3_2,R2,(BC)GTTTAAGAGCTAAGCTGGAA,GTGCAGAAAGGGGCGCTCGG,CRISPR Guide Capture,SDC3,SDC3
sgSEC13_1,sgSEC13_1,R2,(BC)GTTTAAGAGCTAAGCTGGAA,GAGCTGCCACGTCCGAGACC,CRISPR Guide Capture,SEC13,SEC13
sgSEC13_2,sgSEC13_2,R2,(BC)GTTTAAGAGCTAAGCTGGAA,GCTGCTCCAGGTCTCGGACG,CRISPR Guide Capture,SEC13,SEC13
sgSHOC2_1,sgSHOC2_1,R2,(BC)GTTTAAGAGCTAAGCTGGAA,GTCGGCCCCGAGTTACCGTC,CRISPR Guide Capture,SHOC2,SHOC2
sgSHOC2_2,sgSHOC2_2,R2,(BC)GTTTAAGAGCTAAGCTGGAA,GGGCAGCGTCGCTTCTTAGG,CRISPR Guide Capture,SHOC2,SHOC2
sgSIN3B_1,sgSIN3B_1,R2,(BC)GTTTAAGAGCTAAGCTGGAA,GATCTCCAGGAAGCCGTTGT,CRISPR Guide Capture,SIN3B,SIN3B
sgSIN3B_2,sgSIN3B_2,R2,(BC)GTTTAAGAGCTAAGCTGGAA,GACATGGCGCACGCTGGCGG,CRISPR Guide Capture,SIN3B,SIN3B
sgSIX4_1,sgSIX4_1,R2,(BC)GTTTAAGAGCTAAGCTGGAA,GGATGGAAAGCGCCTCGGAA,CRISPR Guide Capture,SIX4,SIX4
sgSIX4_2,sgSIX4_2,R2,(BC)GTTTAAGAGCTAAGCTGGAA,GTATAGTATGCAGCAACCGG,CRISPR Guide Capture,SIX4,SIX4
sgSMARCA4_1,sgSMARCA4_1,R2,(BC)GTTTAAGAGCTAAGCTGGAA,GATTGGGAGGGCGACTGTAG,CRISPR Guide Capture,SMARCA4,SMARCA4
sgSMARCA4_2,sgSMARCA4_2,R2,(BC)GTTTAAGAGCTAAGCTGGAA,GGGAGGCGCCGGGAAGTCGA,CRISPR Guide Capture,SMARCA4,SMARCA4
sgSMARCC1_1,sgSMARCC1_1,R2,(BC)GTTTAAGAGCTAAGCTGGAA,GGCCAGGCTGTGGGGACGAC,CRISPR Guide Capture,SMARCC1,SMARCC1
sgSMARCC1_2,sgSMARCC1_2,R2,(BC)GTTTAAGAGCTAAGCTGGAA,GCGACCGGGAAACACCGCGA,CRISPR Guide Capture,SMARCC1,SMARCC1
sgSMARCE1_1,sgSMARCE1_1,R2,(BC)GTTTAAGAGCTAAGCTGGAA,GAGCGACCTCAGGAAGCCGT,CRISPR Guide Capture,SMARCE1,SMARCE1
sgSMARCE1_2,sgSMARCE1_2,R2,(BC)GTTTAAGAGCTAAGCTGGAA,GCTTGGAAACACTCACCCGC,CRISPR Guide Capture,SMARCE1,SMARCE1
sgSMC1A_1,sgSMC1A_1,R2,(BC)GTTTAAGAGCTAAGCTGGAA,GGCGCCGGCGGCAGTAGGAC,CRISPR Guide Capture,SMC1A,SMC1A
sgSMC1A_2,sgSMC1A_2,R2,(BC)GTTTAAGAGCTAAGCTGGAA,GGCCGTACGCCCGAGAACTG,CRISPR Guide Capture,SMC1A,SMC1A
sgSNAI1_1,sgSNAI1_1,R2,(BC)GTTTAAGAGCTAAGCTGGAA,GGAGCGCGGCATAGTGGTCG,CRISPR Guide Capture,SNAI1,SNAI1
sgSNAI1_2,sgSNAI1_2,R2,(BC)GTTTAAGAGCTAAGCTGGAA,GCGCGGCACGGCCTAGCGAG,CRISPR Guide Capture,SNAI1,SNAI1
sgSOS1_1,sgSOS1_1,R2,(BC)GTTTAAGAGCTAAGCTGGAA,GAGCTCCAGCGCTACACCGG,CRISPR Guide Capture,SOS1,SOS1
sgSOS1_2,sgSOS1_2,R2,(BC)GTTTAAGAGCTAAGCTGGAA,GGGAAGCTCCAGCGCTACAC,CRISPR Guide Capture,SOS1,SOS1
sgSOX11_1,sgSOX11_1,R2,(BC)GTTTAAGAGCTAAGCTGGAA,GAGCCCGGGACCCCTCTCTC,CRISPR Guide Capture,SOX11,SOX11
sgSOX11_2,sgSOX11_2,R2,(BC)GTTTAAGAGCTAAGCTGGAA,GTGCGGTAGGAGCCACGAGC,CRISPR Guide Capture,SOX11,SOX11
sgSOX13_1,sgSOX13_1,R2,(BC)GTTTAAGAGCTAAGCTGGAA,GAGGCGACTGGACAGCCTAG,CRISPR Guide Capture,SOX13,SOX13
sgSOX13_2,sgSOX13_2,R2,(BC)GTTTAAGAGCTAAGCTGGAA,GGGAGACGGCCGCAAGCCCA,CRISPR Guide Capture,SOX13,SOX13
sgSP8_1,sgSP8_1,R2,(BC)GTTTAAGAGCTAAGCTGGAA,GGCGCAGGAAAAGGTTCGAA,CRISPR Guide Capture,SP8,SP8
sgSP8_2,sgSP8_2,R2,(BC)GTTTAAGAGCTAAGCTGGAA,GGGCTGGACGCAGGTCTCCC,CRISPR Guide Capture,SP8,SP8
sgSPAG17_1,sgSPAG17_1,R2,(BC)GTTTAAGAGCTAAGCTGGAA,GTGGCACCCAAGAAGGAGAA,CRISPR Guide Capture,SPAG17,SPAG17
sgSPAG17_2,sgSPAG17_2,R2,(BC)GTTTAAGAGCTAAGCTGGAA,GATCAGGCCACGGAGAGATA,CRISPR Guide Capture,SPAG17,SPAG17
sgSPRY4_1,sgSPRY4_1,R2,(BC)GTTTAAGAGCTAAGCTGGAA,GGGTTGCAACATCGCCGCGG,CRISPR Guide Capture,SPRY4,SPRY4
sgSPRY4_2,sgSPRY4_2,R2,(BC)GTTTAAGAGCTAAGCTGGAA,GGCTGAGGGAAGGAACACTG,CRISPR Guide Capture,SPRY4,SPRY4
sgSPRYD7_1,sgSPRYD7_1,R2,(BC)GTTTAAGAGCTAAGCTGGAA,GGGCAGGAGACGGAGCTGAG,CRISPR Guide Capture,SPRYD7,SPRYD7
sgSPRYD7_2,sgSPRYD7_2,R2,(BC)GTTTAAGAGCTAAGCTGGAA,GGCAGTGTCGCCTCGGTCTA,CRISPR Guide Capture,SPRYD7,SPRYD7
sgSUFU_1,sgSUFU_1,R2,(BC)GTTTAAGAGCTAAGCTGGAA,GAGACTCCCCGAGGCGATGG,CRISPR Guide Capture,SUFU,SUFU
sgSUFU_2,sgSUFU_2,R2,(BC)GTTTAAGAGCTAAGCTGGAA,GCCTCTGGCAGACTCGGCGG,CRISPR Guide Capture,SUFU,SUFU
sgTADA3_1,sgTADA3_1,R2,(BC)GTTTAAGAGCTAAGCTGGAA,GCCCATAGCCAGTTCCGGGG,CRISPR Guide Capture,TADA3,TADA3
sgTADA3_2,sgTADA3_2,R2,(BC)GTTTAAGAGCTAAGCTGGAA,GAGCGCCAGGAGCTGCGGGT,CRISPR Guide Capture,TADA3,TADA3
sgTAF1_1,sgTAF1_1,R2,(BC)GTTTAAGAGCTAAGCTGGAA,GGCGACGAAGATTCCGCTGG,CRISPR Guide Capture,TAF1,TAF1
sgTAF1_2,sgTAF1_2,R2,(BC)GTTTAAGAGCTAAGCTGGAA,GCCAGGGGCGCAGGGAATAG,CRISPR Guide Capture,TAF1,TAF1
sgTAF2_1,sgTAF2_1,R2,(BC)GTTTAAGAGCTAAGCTGGAA,GGCTTCGAGCCCTTGCGGAG,CRISPR Guide Capture,TAF2,TAF2
sgTAF2_2,sgTAF2_2,R2,(BC)GTTTAAGAGCTAAGCTGGAA,GGAGATGCTCCTCTCCGCAA,CRISPR Guide Capture,TAF2,TAF2
sgTCF3_1,sgTCF3_1,R2,(BC)GTTTAAGAGCTAAGCTGGAA,GGCGGCGGCTGCGGGCGTAG,CRISPR Guide Capture,TCF3,TCF3
sgTCF3_2,sgTCF3_2,R2,(BC)GTTTAAGAGCTAAGCTGGAA,GCTCCCGCCGCAGGAAGATG,CRISPR Guide Capture,TCF3,TCF3
sgTCF7L2_1,sgTCF7L2_1,R2,(BC)GTTTAAGAGCTAAGCTGGAA,GGGAGCGGAGATTATTGACA,CRISPR Guide Capture,TCF7L2,TCF7L2
sgTCF7L2_2,sgTCF7L2_2,R2,(BC)GTTTAAGAGCTAAGCTGGAA,GGAACGGAGTAGTCTGGGAG,CRISPR Guide Capture,TCF7L2,TCF7L2
sgTESK2_1,sgTESK2_1,R2,(BC)GTTTAAGAGCTAAGCTGGAA,GGGACCTCTGGGAAGCCGAG,CRISPR Guide Capture,TESK2,TESK2
sgTESK2_2,sgTESK2_2,R2,(BC)GTTTAAGAGCTAAGCTGGAA,GGGACCCCTCGGCTTCCCAG,CRISPR Guide Capture,TESK2,TESK2
sgTGIF1_1,sgTGIF1_1,R2,(BC)GTTTAAGAGCTAAGCTGGAA,GGGTGCGCCGAGCAGGAGCA,CRISPR Guide Capture,TGIF1,TGIF1
sgTGIF1_2,sgTGIF1_2,R2,(BC)GTTTAAGAGCTAAGCTGGAA,GGAGCAGGAGCAGGGAACAA,CRISPR Guide Capture,TGIF1,TGIF1
sgTMEM91_1,sgTMEM91_1,R2,(BC)GTTTAAGAGCTAAGCTGGAA,GCGCACTTAACGGTTAGGAG,CRISPR Guide Capture,TMEM91,TMEM91
sgTMEM91_2,sgTMEM91_2,R2,(BC)GTTTAAGAGCTAAGCTGGAA,GCCGTTAAGTGCGCTAAGGT,CRISPR Guide Capture,TMEM91,TMEM91
sgUBE2H_1,sgUBE2H_1,R2,(BC)GTTTAAGAGCTAAGCTGGAA,GTGACAGACGGGCCGAGGAA,CRISPR Guide Capture,UBE2H,UBE2H
sgUBE2H_2,sgUBE2H_2,R2,(BC)GTTTAAGAGCTAAGCTGGAA,GCCCGGACTGGGAGATGACA,CRISPR Guide Capture,UBE2H,UBE2H
sgUBXN2A_1,sgUBXN2A_1,R2,(BC)GTTTAAGAGCTAAGCTGGAA,GGAACTCGTCCTGATTAGTC,CRISPR Guide Capture,UBXN2A,UBXN2A
sgUBXN2A_2,sgUBXN2A_2,R2,(BC)GTTTAAGAGCTAAGCTGGAA,GGATAGAGGCGGCTCTTACA,CRISPR Guide Capture,UBXN2A,UBXN2A
sgUSP39_1,sgUSP39_1,R2,(BC)GTTTAAGAGCTAAGCTGGAA,GGGCCGGTAGTGGAGATGTC,CRISPR Guide Capture,USP39,USP39
sgUSP39_2,sgUSP39_2,R2,(BC)GTTTAAGAGCTAAGCTGGAA,GATGTCCGGCCGGTCTAAGC,CRISPR Guide Capture,USP39,USP39
sgVPS39_1,sgVPS39_1,R2,(BC)GTTTAAGAGCTAAGCTGGAA,GCTAACTAGCAGGAAGTCCG,CRISPR Guide Capture,VPS39,VPS39
sgVPS39_2,sgVPS39_2,R2,(BC)GTTTAAGAGCTAAGCTGGAA,GTCTGGGCTAAGGGTAGACC,CRISPR Guide Capture,VPS39,VPS39
sgWAPAL_1,sgWAPAL_1,R2,(BC)GTTTAAGAGCTAAGCTGGAA,GCAGGCTCCGAGGGTAAGTG,CRISPR Guide Capture,WAPAL,WAPAL
sgWAPAL_2,sgWAPAL_2,R2,(BC)GTTTAAGAGCTAAGCTGGAA,GAGCGGAGTGACGGAGCGAG,CRISPR Guide Capture,WAPAL,WAPAL
sgWNT5B_1,sgWNT5B_1,R2,(BC)GTTTAAGAGCTAAGCTGGAA,GAGAAGACTGGAATCAGGTG,CRISPR Guide Capture,WNT5B,WNT5B
sgWNT5B_2,sgWNT5B_2,R2,(BC)GTTTAAGAGCTAAGCTGGAA,GTATTATTCTTAGAGTCCTG,CRISPR Guide Capture,WNT5B,WNT5B
sgZC3H10_1,sgZC3H10_1,R2,(BC)GTTTAAGAGCTAAGCTGGAA,GAAGCTAGAGGACCGGCAGG,CRISPR Guide Capture,ZC3H10,ZC3H10
sgZC3H10_2,sgZC3H10_2,R2,(BC)GTTTAAGAGCTAAGCTGGAA,GGCGGCAGCAGCAACTACGG,CRISPR Guide Capture,ZC3H10,ZC3H10
sgZMYM2_1,sgZMYM2_1,R2,(BC)GTTTAAGAGCTAAGCTGGAA,GCGACACGCACAACTCCGCT,CRISPR Guide Capture,ZMYM2,ZMYM2
sgZMYM2_2,sgZMYM2_2,R2,(BC)GTTTAAGAGCTAAGCTGGAA,GAAGCCGGGACTGGACCGAG,CRISPR Guide Capture,ZMYM2,ZMYM2
sgZMYM5_1,sgZMYM5_1,R2,(BC)GTTTAAGAGCTAAGCTGGAA,GCCCGCCCCCCGCCACTATG,CRISPR Guide Capture,ZMYM5,ZMYM5
sgZMYM5_2,sgZMYM5_2,R2,(BC)GTTTAAGAGCTAAGCTGGAA,GGAACAAGCCCACCCCGCTT,CRISPR Guide Capture,ZMYM5,ZMYM5
sgZNF385A_1,sgZNF385A_1,R2,(BC)GTTTAAGAGCTAAGCTGGAA,GCAGAGCGACGCGGAACCCC,CRISPR Guide Capture,ZNF385A,ZNF385A
sgZNF385A_2,sgZNF385A_2,R2,(BC)GTTTAAGAGCTAAGCTGGAA,GCGGGCGGCCGCAGTCACCG,CRISPR Guide Capture,ZNF385A,ZNF385A
sgZNF551_1,sgZNF551_1,R2,(BC)GTTTAAGAGCTAAGCTGGAA,GACTTCCGGCGTCCTCCTCG,CRISPR Guide Capture,ZNF551,ZNF551
sgZNF551_2,sgZNF551_2,R2,(BC)GTTTAAGAGCTAAGCTGGAA,GCCTAGTCCACGGAGCTCAA,CRISPR Guide Capture,ZNF551,ZNF551